date,pollution,RH,AT,BP,WD,WS,snow,rain,PM10,NO,NO2,NH3,CO
2017-07-15,18.88,78.16,35.44,757.49,101.07,2.43,60.34,2.08,6.79,5.3,0.0,0.58,16.02
2017-07-16,19.57,79.82,35.1,756.5,114.58,2.04,43.58,2.05,5.43,4.56,0.0,0.51,15.55
2017-07-17,18.98,79.24,35.48,755.25,93.15,2.59,51.97,1.98,5.96,4.77,0.0,0.46,14.91
2017-07-18,16.82,80.91,35.47,755.81,84.16,2.29,54.01,1.97,5.51,4.53,0.0,0.56,14.12
2017-07-19,14.66,81.8,34.87,756.03,144.96,1.8,38.28,1.98,4.62,4.05,0.0,0.46,14.05
2017-07-20,13.05,82.66,33.97,755.21,152.97,1.94,35.29,1.93,4.14,3.72,0.0,0.64,12.29
2017-07-21,7.24,79.33,32.38,756.37,120.61,1.86,22.56,1.96,4.17,3.78,0.0,0.47,14.27
2017-07-22,0.0,0.0,0.0,0.0,0.0,0.0,0.0,0.0,0.0,0.0,0.0,0.0,0.0
2017-07-23,0.0,0.0,0.0,0.0,0.0,0.0,0.0,0.0,0.0,0.0,0.0,0.0,0.0
2017-07-24,5.92,72.92,33.89,754.1,93.62,3.41,59.5,1.97,7.71,5.71,0.0,0.81,17.12
2017-07-25,16.93,73.84,33.5,752.83,128.47,2.71,57.12,2.09,6.23,5.01,0.0,0.64,17.3
2017-07-26,23.87,73.78,33.79,754.06,85.91,3.65,66.83,1.75,8.34,5.85,0.0,0.71,15.53
2017-07-27,20.4,76.45,32.84,755.15,126.38,2.49,47.77,1.83,6.53,4.94,0.0,0.62,14.78
2017-07-28,14.92,77.44,32.51,755.6,115.18,2.87,36.74,1.94,6.62,5.11,0.0,0.57,17.59
2017-07-29,15.22,75.98,32.69,755.85,138.08,2.62,33.03,2.04,5.18,4.41,0.0,0.54,19.47
2017-07-30,24.33,75.89,32.9,754.34,120.76,2.57,55.16,2.05,2.79,3.11,0.0,0.55,18.55
2017-07-31,22.96,78.14,32.77,754.62,103.06,2.32,53.4,2.02,6.67,5.18,0.0,0.75,12.93
2017-08-01,18.05,78.27,32.56,755.32,112.9,2.75,41.48,2.15,4.43,4.1,0.0,0.74,17.13
2017-08-02,15.08,78.86,32.81,756.6,98.03,2.85,46.59,1.9,7.68,5.62,0.0,1.0,14.01
2017-08-03,14.97,79.18,32.49,755.96,126.31,2.43,38.24,1.88,5.78,4.6,0.0,0.97,14.71
2017-08-04,13.09,82.22,31.98,753.26,124.29,2.27,31.39,1.85,7.25,5.35,0.0,0.95,13.71
2017-08-05,10.73,83.44,32.09,752.53,113.32,2.42,29.24,1.94,6.62,5.08,0.0,0.9,14.91
2017-08-06,13.74,82.41,32.29,751.43,94.95,2.34,35.21,1.99,5.31,4.44,0.0,0.9,16.75
2017-08-07,20.43,83.36,32.42,752.2,88.71,1.94,49.41,1.81,8.94,6.2,0.0,0.96,15.71
2017-08-08,13.92,81.32,32.4,753.02,96.11,2.54,32.27,1.78,6.6,4.93,0.0,0.99,18.58
2017-08-09,19.54,83.3,32.37,753.73,83.02,2.44,41.31,1.88,7.69,5.59,0.0,1.01,16.48
2017-08-10,18.39,81.97,32.4,753.74,86.36,2.24,41.27,1.75,7.62,5.46,0.0,1.03,17.88
2017-08-11,11.09,80.42,32.2,756.25,78.06,3.04,30.27,1.91,6.09,4.76,0.0,0.99,18.54
2017-08-12,21.74,77.28,32.71,755.66,91.22,2.53,45.47,2.01,7.35,5.54,0.0,0.97,22.91
2017-08-13,31.6,80.69,32.71,755.74,93.6,2.3,67.81,1.99,5.91,4.76,0.0,0.93,21.46
2017-08-14,31.41,81.26,32.77,756.92,84.07,2.21,72.45,1.97,7.83,5.76,0.0,0.97,4.88
2017-08-15,25.67,81.85,32.85,756.43,91.82,1.92,60.89,1.73,6.45,4.84,0.0,0.91,5.91
2017-08-16,21.1,79.67,32.85,755.29,83.27,1.76,44.4,1.78,6.02,4.63,0.0,0.94,9.78
2017-08-17,21.72,77.42,33.08,752.67,44.02,1.76,46.61,1.83,7.1,5.25,0.0,0.98,17.16
2017-08-18,13.0,84.29,32.19,751.92,76.02,1.51,27.59,1.87,5.88,4.58,0.0,0.9,16.31
2017-08-19,13.02,82.98,30.71,752.51,40.04,2.36,38.6,1.9,6.59,5.03,0.0,0.93,12.35
2017-08-20,12.67,84.05,30.21,752.68,60.84,1.95,34.74,1.88,5.79,4.61,0.0,0.9,16.68
2017-08-21,10.4,83.39,30.14,752.24,76.51,1.9,26.41,1.61,6.14,4.55,0.0,0.94,16.54
2017-08-22,10.41,79.47,30.27,752.04,107.18,2.36,23.0,1.97,4.6,4.01,0.0,0.88,12.15
2017-08-23,18.07,77.78,30.95,752.43,97.02,2.55,45.02,1.88,6.25,4.83,0.0,0.94,3.96
2017-08-24,23.94,80.54,30.93,752.45,96.96,2.39,63.33,1.89,6.64,5.08,0.0,1.02,15.48
2017-08-25,19.81,80.69,31.02,751.93,83.02,2.57,53.97,1.9,5.74,4.59,0.0,1.03,6.38
2017-08-26,13.54,82.56,30.88,751.0,83.21,2.56,51.79,1.99,4.64,4.06,0.0,0.96,3.23
2017-08-27,8.61,82.97,30.68,751.12,70.85,2.54,31.47,2.06,4.5,4.08,0.0,0.92,1.38
2017-08-28,9.28,85.42,29.87,751.03,72.58,2.08,25.48,1.85,6.55,4.97,0.0,1.0,0.92
2017-08-29,8.94,84.71,29.81,752.62,92.62,1.81,21.91,1.87,6.75,5.07,0.0,0.94,2.39
2017-08-30,12.77,80.91,30.72,753.34,105.82,2.13,35.53,1.76,7.5,5.38,0.0,0.92,3.29
2017-08-31,18.19,80.88,30.92,754.29,99.59,2.48,48.83,1.91,6.56,5.04,0.0,0.98,6.21
2017-09-01,19.09,81.46,30.83,754.9,118.51,2.21,52.18,1.98,3.97,3.73,0.0,0.91,7.67
2017-09-02,13.6,77.86,30.46,754.08,135.17,2.11,19.12,1.84,5.36,4.33,0.0,0.99,7.61
2017-09-03,16.69,82.58,29.91,755.2,98.82,2.12,35.34,2.03,5.38,4.51,0.0,0.95,7.61
2017-09-04,20.46,81.64,30.87,755.02,85.6,2.21,49.65,2.03,3.47,3.48,0.0,0.88,7.71
2017-09-05,17.95,82.61,30.61,755.26,81.74,2.15,44.35,2.01,4.1,3.8,0.0,0.92,7.61
2017-09-06,8.18,80.06,30.73,754.0,74.91,2.39,20.53,1.96,3.35,3.33,0.0,0.85,7.61
2017-09-07,15.76,84.33,30.02,752.96,72.97,1.58,35.84,1.61,8.02,5.48,0.0,0.99,7.76
2017-09-08,11.34,83.92,30.04,752.83,160.54,1.27,28.58,1.84,5.8,4.56,0.0,1.03,7.7
2017-09-09,12.85,83.77,29.97,752.98,97.25,1.35,27.58,1.91,6.18,4.83,0.0,0.93,7.72
2017-09-10,10.68,79.5,30.75,751.33,152.42,1.5,25.11,1.97,3.79,3.62,0.0,0.94,7.67
2017-09-11,12.15,78.8,30.96,751.96,174.91,1.78,28.3,2.03,4.95,4.29,0.0,1.03,7.67
2017-09-12,8.59,77.33,31.27,753.17,188.69,2.13,23.23,1.99,3.91,3.69,0.0,0.95,7.62
2017-09-13,7.51,84.15,30.2,755.74,145.84,1.82,21.0,1.72,5.79,4.45,0.0,0.94,7.63
2017-09-14,9.5,81.92,30.23,757.41,158.43,1.35,22.2,1.87,5.3,4.32,0.0,0.94,7.7
2017-09-15,16.02,78.83,30.8,755.36,116.67,1.45,37.99,1.93,6.74,5.11,0.0,0.99,7.56
2017-09-16,11.21,82.19,30.68,756.39,99.97,1.96,33.58,2.01,4.78,4.12,0.0,1.07,7.68
2017-09-17,9.15,89.4,28.91,760.22,133.14,1.06,21.14,1.95,4.67,4.05,0.0,0.91,7.62
2017-09-18,10.28,82.23,30.52,759.92,99.22,1.86,31.12,1.97,5.53,4.49,0.0,0.97,7.7
2017-09-19,10.58,80.96,30.94,757.97,36.04,2.59,37.03,1.97,3.61,3.51,0.0,0.96,7.63
2017-09-20,4.54,80.38,30.41,756.6,45.23,2.15,27.51,1.88,4.76,4.04,0.0,0.95,7.74
2017-09-21,10.99,80.81,30.09,755.5,82.52,2.01,31.28,2.08,4.76,4.22,0.0,0.93,7.62
2017-09-22,18.44,76.07,30.6,755.02,104.88,2.11,45.51,1.88,7.24,5.36,0.0,0.97,7.78
2017-09-23,21.69,76.41,30.71,755.99,126.04,2.16,49.01,1.95,5.76,4.64,0.0,0.93,6.97
2017-09-24,17.83,75.95,30.97,756.21,100.33,1.86,43.85,1.93,5.4,4.44,0.0,0.92,7.56
2017-09-25,13.64,77.83,30.67,754.26,141.21,1.98,52.87,2.0,7.15,5.43,0.0,1.09,7.66
2017-09-26,19.7,78.1,30.71,753.61,134.55,1.82,45.28,2.13,8.74,6.35,3.0,1.02,7.69
2017-09-27,13.27,80.0,30.36,754.77,103.68,1.8,27.91,2.42,5.93,5.12,2.8,0.97,7.7
2017-09-28,14.45,85.58,29.22,756.82,130.83,1.2,27.03,2.11,8.72,6.33,2.49,1.17,7.52
2017-09-29,11.05,82.78,29.99,755.14,117.24,1.62,28.9,1.97,6.17,4.87,2.38,0.96,7.6
2017-09-30,10.41,80.51,30.48,755.91,85.19,1.51,23.84,1.88,4.43,3.86,2.22,0.96,7.58
2017-10-01,2.79,80.73,8.18,756.53,25.75,1.79,6.11,0.53,0.77,0.84,2.22,0.2,2.06
2017-10-02,0.65,78.71,5.66,754.42,26.69,1.56,3.5,0.29,0.5,0.48,2.23,0.16,1.43
2017-10-03,2.25,77.68,4.53,754.06,13.33,1.55,5.12,0.2,1.26,0.83,2.53,0.16,1.05
2017-10-04,3.52,78.55,4.53,753.64,19.99,1.63,6.42,0.24,1.47,0.97,2.84,0.18,1.14
2017-10-05,5.27,80.05,5.66,751.49,4.65,1.58,8.96,0.4,1.61,1.18,3.14,0.19,1.41
2017-10-06,1.25,83.54,3.7,752.51,0.0,1.47,3.25,0.28,0.86,0.68,2.7,0.14,1.0
2017-10-07,4.77,79.6,7.7,751.93,0.0,1.47,9.15,0.44,2.25,1.56,2.68,0.25,1.89
2017-10-08,7.65,78.76,6.42,751.97,0.0,1.67,13.94,0.38,1.26,0.99,3.07,0.19,1.59
2017-10-09,9.88,77.32,9.15,751.6,0.0,1.7,21.1,0.44,2.7,1.8,3.15,0.3,2.22
2017-10-10,0.0,75.04,0.0,750.2,0.0,1.67,0.0,0.0,0.0,0.0,3.21,0.0,0.0
2017-10-11,0.0,77.07,0.0,751.15,0.0,1.7,0.0,0.0,0.0,0.0,2.85,0.0,0.0
2017-10-12,0.0,86.17,0.0,753.34,0.0,1.01,0.0,0.0,0.0,0.0,2.4,0.0,0.0
2017-10-13,0.0,83.08,0.0,752.59,0.0,1.35,0.0,0.0,0.0,0.0,2.51,0.0,0.0
2017-10-14,0.0,88.01,0.0,753.85,0.0,0.78,0.0,0.0,0.0,0.0,1.76,0.0,0.0
2017-10-15,0.0,82.3,0.0,755.38,0.0,1.42,0.0,0.0,0.0,0.0,2.28,0.0,0.0
2017-10-16,0.0,80.7,0.0,755.46,0.0,1.83,0.0,0.0,0.0,0.0,2.8,0.0,0.0
2017-10-17,0.0,80.68,0.0,754.06,0.0,1.69,0.0,0.0,0.0,0.0,2.55,0.0,0.0
2017-10-18,0.0,79.16,0.0,753.86,0.0,1.41,0.0,0.0,0.0,0.0,2.39,0.0,0.0
2017-10-19,9.0,60.94,47.36,550.24,161.05,0.66,16.71,0.84,4.56,3.01,2.35,0.47,3.7
2017-10-20,0.0,0.0,0.0,0.0,0.0,0.0,0.0,0.0,0.0,0.0,2.39,0.0,0.0
2017-10-21,0.94,6.47,10.3,63.22,28.11,0.22,3.09,0.2,0.82,0.6,2.74,0.12,0.81
2017-10-22,0.0,0.0,0.0,0.0,0.0,0.0,0.0,0.0,0.0,0.0,2.65,0.0,0.0
2017-10-23,9.5,14.19,17.41,141.76,62.67,0.43,16.09,0.31,2.39,1.52,4.41,0.22,1.4
2017-10-24,0.0,0.0,0.0,0.0,0.0,0.0,0.0,0.0,0.0,0.0,4.1,0.0,0.0
2017-10-25,0.0,0.0,0.0,0.0,0.0,0.0,0.0,0.0,0.0,0.0,3.52,0.0,0.0
2017-10-26,0.0,0.0,0.0,0.0,0.0,0.0,0.0,0.0,0.0,0.0,3.33,0.0,0.0
2017-10-27,0.96,1.42,0.62,15.83,6.77,0.08,1.35,0.05,0.17,0.13,4.8,0.03,0.16
2017-10-28,0.0,0.0,0.0,0.0,0.0,0.0,0.0,0.0,0.0,0.0,5.2,0.0,0.0
2017-10-29,0.0,0.0,0.0,0.0,0.0,0.0,0.0,0.0,0.0,0.0,5.16,0.0,0.0
2017-10-30,0.79,1.75,0.57,15.88,6.98,0.02,1.19,0.04,0.07,0.07,5.05,0.02,0.16
2017-10-31,26.57,81.28,27.28,760.26,325.81,1.33,36.92,1.82,8.63,6.06,4.07,1.18,7.75
2017-11-01,23.51,78.78,27.62,759.97,318.96,1.27,36.69,2.01,7.13,5.42,4.13,1.06,7.69
2017-11-02,22.75,82.79,27.12,759.42,331.24,1.1,35.27,1.93,9.14,6.42,4.41,1.13,7.79
2017-11-03,26.27,78.26,27.9,756.38,326.88,1.24,41.67,1.94,10.11,6.95,4.85,1.17,7.76
2017-11-04,29.04,84.71,27.03,756.5,331.81,0.85,43.88,1.94,9.61,6.69,4.21,1.29,7.77
2017-11-05,16.19,83.48,26.9,757.71,329.24,0.88,24.18,2.05,6.86,5.31,4.01,1.07,7.69
2017-11-06,25.3,84.44,26.94,758.08,335.88,0.93,40.48,1.89,11.92,7.82,4.02,1.22,7.69
2017-11-07,19.02,85.82,26.62,759.45,334.79,0.99,30.02,1.93,11.73,7.8,4.02,1.13,7.77
2017-11-08,6.84,85.94,26.53,759.76,337.52,0.95,28.28,1.94,14.56,9.29,4.05,1.26,7.8
2017-11-09,17.18,80.74,27.16,757.62,338.04,1.34,28.35,2.02,10.66,7.3,4.02,1.12,7.75
2017-11-10,29.02,80.54,27.17,756.81,340.75,1.11,45.27,1.95,12.28,8.11,3.82,1.25,7.77
2017-11-11,30.34,78.81,27.63,756.1,335.94,1.34,45.94,2.04,9.38,6.64,4.27,1.16,7.73
2017-11-12,44.69,80.35,27.66,754.81,330.03,1.06,62.2,1.98,10.51,7.2,6.27,1.28,7.65
2017-11-13,62.48,77.76,27.79,753.66,332.5,1.27,85.92,1.95,14.87,9.48,5.92,1.44,7.84
2017-11-14,54.09,73.06,27.7,753.56,334.03,1.59,77.29,2.01,14.12,9.14,6.27,1.23,7.78
2017-11-15,57.65,74.88,27.63,754.59,339.81,1.8,78.31,2.06,12.29,8.21,6.4,1.21,7.81
2017-11-16,49.58,69.98,27.56,755.03,340.12,1.66,69.97,1.89,14.77,9.36,4.82,1.24,7.82
2017-11-17,58.47,76.79,27.5,754.42,340.6,1.43,82.96,1.94,13.28,8.64,4.11,1.26,7.73
2017-11-18,60.38,77.69,28.09,755.45,340.28,1.45,79.45,1.94,10.5,7.16,3.81,1.32,7.65
2017-11-19,38.28,78.23,27.83,757.6,341.05,1.42,59.94,1.99,6.79,5.23,3.66,1.12,7.68
2017-11-20,26.94,80.29,27.56,758.3,343.68,1.42,45.62,1.83,9.99,6.79,4.13,1.14,7.82
2017-11-21,18.07,80.05,27.44,757.22,342.67,1.24,31.14,2.01,9.8,6.84,5.17,1.1,7.72
2017-11-22,29.56,77.66,27.85,755.51,342.75,0.91,45.81,1.79,12.7,8.14,4.46,1.31,7.84
2017-11-23,39.28,76.44,28.0,755.36,340.67,1.33,59.67,1.89,12.78,8.27,4.86,1.27,7.75
2017-11-24,65.79,73.34,27.93,757.19,338.89,0.99,92.7,1.98,13.01,8.51,5.11,1.31,7.85
2017-11-25,94.98,77.96,27.74,758.08,336.33,0.91,128.07,2.01,17.44,10.89,5.09,1.62,7.79
2017-11-26,75.83,81.8,27.29,758.88,338.26,1.11,96.91,2.0,11.01,7.47,5.48,1.29,7.78
2017-11-27,35.83,83.99,26.89,758.01,338.44,0.88,48.53,1.92,13.78,8.89,5.44,1.34,7.78
2017-11-28,34.01,82.03,27.47,756.36,339.41,0.93,51.66,1.84,13.88,8.76,4.58,1.49,7.77
2017-11-29,29.05,74.61,27.76,754.11,341.55,1.68,44.22,1.93,8.11,5.88,4.19,1.15,7.9
2017-11-30,3.97,84.18,26.12,747.81,334.73,2.52,11.72,2.0,4.02,3.76,4.79,0.98,7.97
2017-12-01,9.3,88.4,25.36,754.44,334.76,1.34,14.63,2.01,7.14,5.42,4.2,0.92,7.89
2017-12-02,8.67,82.03,26.39,757.32,339.8,1.03,31.06,2.0,8.05,5.91,4.0,1.11,7.86
2017-12-03,0.0,76.72,27.06,758.26,327.39,1.19,43.85,1.99,9.14,6.48,3.65,1.23,7.84
2017-12-04,0.0,86.15,25.58,758.41,329.15,0.58,47.09,2.05,7.41,5.61,3.78,1.22,7.81
2017-12-05,0.0,0.0,0.0,0.0,0.0,0.0,0.0,0.0,0.0,0.0,0.0,0.0,0.0
2017-12-06,0.0,0.0,0.0,0.0,0.0,0.0,0.0,0.0,0.0,0.0,0.0,0.0,0.0
2017-12-07,57.5,78.61,27.79,761.89,339.75,0.82,82.35,2.01,11.94,8.0,11.37,1.6,7.91
2017-12-08,42.51,77.7,27.99,761.96,340.85,1.43,59.8,1.93,5.16,4.31,11.21,1.29,7.81
2017-12-09,36.31,77.53,27.84,762.74,341.34,1.42,50.76,1.88,5.77,4.6,12.27,1.23,8.04
2017-12-10,54.02,76.59,27.94,763.31,339.67,1.32,71.28,2.05,5.61,4.64,10.76,1.26,8.07
2017-12-11,69.41,77.8,28.02,765.12,339.82,1.37,102.72,1.96,5.99,4.71,8.77,1.31,8.24
2017-12-12,64.78,78.44,27.67,763.95,340.04,1.22,85.89,1.9,6.21,4.8,7.3,1.37,8.19
2017-12-13,40.57,82.15,26.99,762.7,341.04,1.05,58.19,2.04,6.55,5.05,7.44,1.31,7.65
2017-12-14,51.33,80.2,27.55,761.77,340.51,1.14,69.89,1.98,8.33,5.99,8.04,1.41,7.51
2017-12-15,65.78,80.07,27.49,760.99,339.24,0.99,84.82,1.94,8.07,5.83,7.97,1.57,7.54
2017-12-16,51.78,70.31,28.29,760.76,338.83,1.18,72.02,2.26,8.86,6.38,7.14,1.27,10.52
2017-12-17,50.5,68.15,28.19,760.83,337.02,1.16,66.95,2.01,6.72,5.09,6.48,1.21,7.28
2017-12-18,54.45,60.39,28.04,761.86,341.74,1.0,73.71,2.04,6.79,5.22,6.18,1.26,10.41
2017-12-19,45.88,59.65,27.85,760.68,339.97,1.45,69.78,2.17,5.55,4.67,6.15,1.3,13.91
2017-12-20,34.6,67.82,28.21,761.26,339.11,1.41,45.9,2.17,6.11,4.77,6.65,1.15,15.59
2017-12-21,38.22,69.92,28.23,761.39,342.51,1.25,55.66,2.24,4.13,4.02,6.17,1.25,24.35
2017-12-22,29.03,66.83,28.04,759.34,340.68,1.4,45.38,2.25,5.7,4.8,6.13,1.18,34.39
2017-12-23,38.34,69.98,27.98,757.12,341.02,1.48,57.15,2.28,3.66,3.78,5.81,1.3,34.0
2017-12-24,35.53,69.29,27.66,757.0,340.91,1.35,51.94,2.32,4.56,4.31,5.36,1.0,39.47
2017-12-25,47.74,73.4,27.47,758.29,342.9,1.31,64.1,2.32,3.78,3.9,5.03,1.07,38.34
2017-12-26,60.31,74.1,27.79,758.9,343.5,1.24,80.01,2.2,7.53,4.49,10.8,1.32,41.53
2017-12-27,65.53,70.71,27.93,758.14,342.99,1.27,87.83,1.83,9.7,6.51,10.09,1.39,41.24
2017-12-28,71.85,68.67,27.53,757.59,342.25,1.25,97.85,1.91,9.08,6.34,9.07,1.34,37.71
2017-12-29,63.87,65.17,27.22,758.57,342.4,1.2,88.49,1.93,11.46,7.64,9.25,1.21,30.7
2017-12-30,71.87,72.97,27.28,758.5,342.41,1.26,98.99,1.95,10.67,7.13,10.59,1.42,41.96
2017-12-31,58.14,73.22,27.47,757.58,341.76,1.35,79.19,1.94,6.63,5.11,9.52,1.19,42.76
2018-01-01,65.7,70.3,27.8,756.32,340.55,1.3,89.65,1.89,8.86,6.18,8.3,1.28,46.81
2018-01-02,62.27,72.65,27.7,755.94,342.78,1.43,86.24,1.96,7.3,5.47,9.35,1.32,45.6
2018-01-03,57.29,72.98,27.83,757.81,342.97,1.56,78.05,1.88,10.44,7.09,11.32,1.35,64.19
2018-01-04,69.2,71.35,27.77,758.6,343.17,1.29,93.71,1.94,17.18,10.69,9.94,1.41,48.77
2018-01-05,74.93,65.35,27.71,757.06,342.34,1.3,119.29,1.98,15.11,9.63,11.24,1.32,48.0
2018-01-06,85.1,67.82,27.38,756.76,341.0,1.35,115.9,1.92,16.07,10.07,11.23,1.31,62.88
2018-01-07,76.47,72.99,27.11,757.94,343.03,1.43,98.05,1.91,9.79,6.75,10.46,1.28,59.78
2018-01-08,72.12,70.2,27.17,758.12,341.54,1.31,98.71,1.95,18.58,11.32,10.13,1.7,54.04
2018-01-09,84.02,72.8,27.0,760.47,342.41,1.4,116.02,1.9,17.88,10.94,11.16,1.53,40.95
2018-01-10,78.17,72.12,27.86,760.6,342.64,1.5,106.43,1.84,15.57,9.72,10.7,1.57,37.73
2018-01-11,50.81,74.48,27.82,761.06,342.62,1.53,70.68,1.89,16.0,9.75,7.81,1.59,40.75
2018-01-12,51.75,74.21,28.0,760.72,342.65,1.56,70.11,1.84,15.23,9.45,7.06,1.58,60.22
2018-01-13,47.47,75.51,28.24,759.52,343.04,1.33,67.92,1.89,14.99,9.45,7.42,1.6,26.68
2018-01-14,38.09,71.56,27.87,759.7,342.77,1.5,53.83,1.91,10.19,6.9,6.2,1.25,71.48
2018-01-15,52.6,75.23,27.39,759.65,342.9,1.29,74.54,1.89,15.79,9.84,6.37,1.59,38.41
2018-01-16,76.29,74.38,27.15,758.78,342.98,1.33,98.09,1.79,17.29,10.61,6.81,1.54,16.76
2018-01-17,79.57,73.95,27.32,759.21,343.08,1.34,106.76,1.93,15.95,10.03,7.53,1.61,85.72
2018-01-18,73.5,70.79,27.52,758.15,342.84,1.33,103.54,1.85,13.99,8.85,9.35,1.54,72.11
2018-01-19,67.71,67.26,27.2,758.82,337.93,1.38,97.68,1.93,16.46,10.33,9.13,1.4,56.25
2018-01-20,83.5,68.23,26.98,758.98,341.98,1.35,118.56,1.93,18.77,11.48,9.18,1.47,74.41
2018-01-21,86.51,68.82,27.24,757.57,341.89,1.43,117.11,1.94,12.4,8.15,10.26,1.48,83.3
2018-01-22,83.31,71.46,27.02,756.91,341.78,1.31,114.24,1.84,17.82,10.92,9.31,1.81,82.45
2018-01-23,85.22,73.51,27.13,757.63,341.79,1.13,121.67,1.9,16.7,9.89,8.21,1.65,74.38
2018-01-24,79.91,72.86,27.86,759.18,293.85,1.46,112.24,1.7,12.81,8.16,9.37,1.13,57.35
2018-01-25,55.31,73.72,27.9,754.67,183.4,0.74,82.65,1.56,11.93,7.56,7.5,0.94,32.61
2018-01-26,56.7,69.41,27.57,744.26,205.92,0.3,90.85,1.68,14.63,9.13,6.69,0.89,34.79
2018-01-27,60.95,71.42,27.39,745.17,141.24,0.3,98.64,1.7,11.37,7.43,7.81,0.87,49.73
2018-01-28,51.72,78.38,26.27,745.51,212.45,0.3,73.32,1.66,14.34,8.98,6.87,0.95,34.88
2018-01-29,69.66,71.5,27.34,751.88,211.66,1.1,98.4,1.76,16.13,9.98,5.49,1.19,50.77
2018-01-30,69.61,70.2,28.06,756.97,199.3,1.51,97.74,1.76,11.71,7.63,6.13,0.9,53.72
2018-01-31,65.21,68.31,28.0,757.44,213.04,1.43,107.19,1.79,14.28,9.06,5.94,1.17,62.85
2018-02-01,75.61,73.79,27.94,757.65,205.72,1.55,114.84,1.82,9.18,5.92,5.66,1.12,52.55
2018-02-02,65.16,69.0,28.01,756.32,188.07,1.43,101.91,1.9,20.6,6.15,4.94,1.06,62.36
2018-02-03,54.39,63.44,27.81,756.36,184.88,1.39,96.66,1.64,16.93,10.34,8.31,0.95,69.41
2018-02-04,56.29,67.69,27.76,757.01,171.62,1.59,94.89,1.69,11.77,7.62,7.36,0.9,73.32
2018-02-05,54.79,72.72,27.84,758.65,170.69,1.56,93.17,1.69,11.95,7.69,6.78,0.94,61.27
2018-02-06,50.48,72.39,28.27,759.08,179.8,1.62,88.96,1.72,11.27,7.38,5.8,0.89,52.55
2018-02-07,42.4,76.76,27.77,758.75,155.08,1.69,71.96,1.79,11.57,7.61,4.79,0.95,46.88
2018-02-08,29.28,74.96,28.02,757.47,188.98,1.61,46.58,1.66,14.64,9.03,4.23,0.89,36.86
2018-02-09,42.5,72.42,28.34,757.05,185.3,1.42,63.32,1.83,15.48,9.68,4.94,0.95,52.13
2018-02-10,42.73,74.88,28.17,757.99,162.14,1.58,65.86,1.82,12.63,8.1,5.98,0.95,44.96
2018-02-11,43.42,82.58,26.76,757.67,254.42,0.62,70.0,1.8,21.05,12.67,5.4,0.84,42.62
2018-02-12,48.65,67.39,29.02,761.67,223.02,1.97,80.89,1.77,22.94,12.83,5.66,1.09,45.87
2018-02-13,54.71,71.1,28.23,763.01,197.45,1.46,85.45,1.7,18.9,11.44,8.93,0.91,49.09
2018-02-14,63.01,69.06,28.28,762.73,166.39,1.42,96.31,1.71,18.72,11.3,8.44,0.93,50.26
2018-02-15,40.97,68.27,28.44,762.18,235.16,1.43,84.1,1.69,20.35,12.11,7.13,1.08,49.39
2018-02-16,46.22,66.46,28.69,761.69,218.51,1.4,72.66,1.57,21.62,12.71,6.64,1.07,54.02
2018-02-17,52.41,68.67,28.16,758.42,170.23,1.6,82.82,1.65,18.25,11.0,6.35,1.11,57.07
2018-02-18,53.27,69.72,28.01,756.67,163.33,1.57,81.25,1.79,14.49,9.17,6.6,0.91,68.52
2018-02-19,62.53,69.6,28.03,756.14,198.93,1.55,95.2,1.68,18.93,11.39,7.83,1.05,68.29
2018-02-20,57.45,68.64,27.73,756.1,147.71,1.57,89.64,1.57,20.03,11.91,7.36,1.1,61.16
2018-02-21,60.14,71.21,27.5,754.98,201.1,1.71,99.05,1.68,20.25,12.12,7.31,1.05,55.53
2018-02-22,47.73,69.6,27.69,754.81,175.79,1.47,89.44,1.67,18.01,10.9,7.28,0.87,63.35
2018-02-23,43.57,71.4,27.71,755.01,143.27,1.56,92.29,1.68,20.39,12.18,6.88,1.0,55.5
2018-02-24,50.1,68.35,28.1,756.84,173.32,1.63,89.31,1.64,17.7,10.64,8.67,1.0,55.68
2018-02-25,0.0,0.0,0.0,0.0,0.0,0.0,0.0,0.0,0.0,0.0,0.0,0.0,0.0
2018-02-26,28.54,63.85,29.35,756.83,169.3,2.29,62.91,1.59,16.0,9.76,8.02,1.07,52.61
2018-02-27,35.08,70.84,28.53,754.72,187.35,1.68,71.7,1.72,15.06,9.36,7.52,0.85,45.19
2018-02-28,30.31,66.02,28.88,755.44,205.9,1.71,62.95,1.69,16.56,10.17,6.46,0.9,49.6
2018-03-01,29.83,69.58,28.88,755.09,152.98,1.72,69.99,1.58,15.79,9.69,6.38,1.04,40.72
2018-03-02,35.88,72.06,28.54,754.85,180.34,1.81,69.1,1.7,12.81,8.18,5.48,1.05,44.87
2018-03-03,40.54,68.67,28.42,755.23,161.41,1.7,72.91,1.7,13.62,8.61,5.52,0.96,56.45
2018-03-04,57.75,69.05,28.55,755.11,122.79,1.51,92.56,1.68,13.18,8.36,6.04,0.97,62.05
2018-03-05,47.52,69.19,28.53,755.95,181.27,1.69,93.86,1.64,13.53,8.48,7.19,1.04,53.95
2018-03-06,56.83,72.46,28.52,756.95,133.71,1.56,95.3,1.64,13.32,8.39,6.93,1.05,50.91
2018-03-07,56.68,73.06,28.2,756.4,185.16,1.6,90.98,1.61,14.86,9.2,6.97,1.09,51.93
2018-03-08,53.2,70.54,28.49,756.54,176.77,1.66,91.82,1.66,15.67,9.66,5.49,1.11,47.85
2018-03-09,55.61,73.17,28.64,756.09,242.4,1.71,90.69,1.64,11.62,7.26,6.03,1.1,50.86
2018-03-10,53.73,66.1,28.97,755.81,224.38,1.62,90.52,1.65,15.25,9.4,5.69,1.02,59.89
2018-03-11,61.25,61.47,28.58,755.92,150.58,1.37,95.62,1.72,17.04,10.47,5.18,1.02,78.26
2018-03-12,42.54,68.17,28.49,756.05,129.59,1.31,72.25,1.65,16.0,9.82,4.22,1.17,40.21
2018-03-13,24.76,76.89,27.6,755.82,203.51,1.28,41.39,1.63,15.11,9.21,3.68,1.22,27.91
2018-03-14,17.97,73.21,28.47,756.12,133.52,1.69,35.35,1.55,11.47,7.37,4.65,0.92,29.65
2018-03-15,13.42,71.06,28.7,757.17,107.65,2.2,27.97,1.65,8.62,5.9,5.01,0.76,29.46
2018-03-16,17.1,72.12,28.73,756.06,139.59,1.75,32.84,1.57,8.42,5.58,5.52,1.0,27.96
2018-03-17,21.18,73.58,28.84,755.74,226.65,1.65,39.49,1.71,11.71,7.54,5.21,0.87,33.13
2018-03-18,28.11,78.46,28.21,756.82,178.57,1.28,46.12,1.64,14.02,8.79,3.66,1.0,33.07
2018-03-19,22.16,77.32,28.48,758.98,190.88,1.51,41.74,1.54,13.37,8.25,4.19,1.16,31.46
2018-03-20,42.17,74.6,28.43,758.51,219.94,1.6,68.73,1.76,15.48,9.66,5.49,1.17,43.35
2018-03-21,41.83,74.45,28.69,758.85,254.16,1.78,65.19,1.65,13.57,8.54,5.69,1.16,40.33
2018-03-22,30.49,71.64,28.84,756.31,240.22,2.31,59.32,1.74,9.76,6.6,4.86,1.1,42.36
2018-03-23,31.89,72.82,28.98,755.25,193.89,2.39,76.59,1.65,9.82,6.53,4.57,1.12,38.68
2018-03-24,29.13,73.4,28.94,756.68,191.24,1.52,80.22,1.69,12.7,7.94,4.14,0.87,32.87
2018-03-25,43.27,73.74,29.13,758.99,159.75,1.55,84.77,1.64,13.62,8.58,5.2,1.25,41.35
2018-03-26,44.98,67.42,28.97,760.36,195.09,1.51,78.27,1.75,16.72,10.28,5.18,1.16,55.1
2018-03-27,42.06,69.86,29.14,759.65,124.09,1.69,70.0,1.62,14.12,8.79,4.75,1.48,46.14
2018-03-28,24.19,74.18,28.73,760.22,146.45,1.22,41.38,1.81,15.45,8.83,4.45,1.83,23.58
2018-03-29,36.14,73.29,29.42,758.25,236.79,2.08,62.67,1.77,13.44,8.58,6.22,1.36,37.1
2018-03-30,40.47,70.64,29.66,758.38,280.46,2.47,77.01,1.75,8.46,5.92,5.94,2.74,42.94
2018-03-31,38.51,70.72,29.21,757.79,267.34,2.3,76.49,1.71,10.46,6.96,5.31,2.83,41.85
2018-04-01,27.02,70.77,29.0,756.8,212.57,1.83,64.22,1.71,9.87,6.64,4.08,0.8,42.8
2018-04-02,28.52,69.83,29.02,758.43,215.1,1.7,62.94,1.75,8.18,5.77,3.86,0.82,42.79
2018-04-03,34.2,70.32,29.08,757.66,235.65,1.9,67.06,1.66,11.22,7.28,4.22,0.88,54.16
2018-04-04,32.77,69.78,29.21,755.52,169.85,1.64,62.45,1.7,13.56,8.46,4.12,0.97,53.9
2018-04-05,44.5,71.77,29.06,755.71,92.87,1.26,78.9,1.61,9.88,6.58,4.37,1.01,43.02
2018-04-06,33.63,69.5,30.06,756.3,225.83,2.36,71.24,1.79,13.08,8.34,4.84,0.98,52.43
2018-04-07,42.82,70.97,29.39,757.34,147.0,1.75,72.78,1.7,10.89,7.16,5.1,0.91,68.0
2018-04-08,24.74,69.99,29.39,757.58,188.88,1.82,44.08,1.68,8.83,6.04,4.93,0.84,49.98
2018-04-09,20.19,71.07,29.46,757.83,217.57,1.73,39.36,1.72,8.73,6.04,4.58,0.85,52.04
2018-04-10,15.52,69.82,29.39,756.2,206.68,1.79,35.89,1.97,10.93,7.37,4.34,0.96,41.08
2018-04-11,19.1,73.2,28.87,756.81,182.86,1.78,37.47,2.66,9.54,7.14,4.6,0.95,59.78
2018-04-12,18.98,76.46,28.47,756.44,184.61,1.72,33.68,3.44,9.29,7.19,4.03,0.85,34.56
2018-04-13,15.83,81.55,27.4,755.11,177.95,1.26,29.96,2.66,15.07,10.17,3.7,1.14,27.49
2018-04-14,9.91,72.67,28.78,754.82,165.71,1.72,24.98,2.73,10.85,7.99,5.2,0.81,37.14
2018-04-15,18.0,77.2,28.56,755.75,167.44,1.32,32.11,2.78,12.27,8.79,3.78,0.84,32.99
2018-04-16,17.59,73.8,29.35,756.41,153.49,1.51,32.52,2.77,12.46,8.86,4.27,0.88,35.16
2018-04-17,22.56,78.37,28.75,757.69,129.47,1.33,39.27,2.73,15.13,10.27,4.07,0.96,28.39
2018-04-18,29.51,80.21,28.27,757.88,148.27,1.22,55.98,2.77,18.86,12.28,3.95,1.13,32.42
2018-04-19,19.16,76.71,29.11,755.97,225.0,1.88,40.46,2.78,11.63,8.44,4.47,0.93,35.04
2018-04-20,17.07,76.53,29.07,755.53,267.34,1.6,38.52,2.65,15.79,10.55,3.7,1.0,33.86
2018-04-21,26.02,74.36,29.64,754.98,250.25,1.82,52.53,2.68,13.88,9.55,4.0,0.94,42.62
2018-04-22,27.73,72.83,29.7,756.51,191.52,1.61,54.05,2.66,12.01,8.55,3.92,0.82,37.27
2018-04-23,26.85,71.99,29.75,755.71,230.84,2.06,58.5,2.63,12.99,9.02,3.85,0.88,43.99
2018-04-24,20.92,73.92,29.72,756.12,247.39,2.12,56.52,2.77,9.69,7.37,3.21,0.85,39.84
2018-04-25,24.49,73.58,28.63,755.06,194.88,1.79,52.25,2.81,12.31,8.83,3.41,0.78,45.54
2018-04-26,29.95,70.8,29.67,753.55,255.83,1.92,75.36,2.74,12.39,8.82,3.43,0.89,43.86
2018-04-27,34.97,74.23,29.21,754.34,203.23,1.34,70.66,2.88,14.45,9.98,3.11,0.94,44.43
2018-04-28,36.33,77.08,28.75,756.09,117.8,1.17,69.86,2.7,15.2,10.22,2.84,1.14,38.29
2018-04-29,45.89,76.54,29.34,755.79,183.55,1.63,76.09,2.85,11.14,8.25,3.26,1.0,40.68
2018-04-30,28.96,73.43,29.74,754.39,267.7,2.02,58.69,2.9,11.93,8.71,3.38,0.86,42.19
2018-05-01,27.26,71.97,29.75,755.54,265.01,2.14,53.33,2.97,9.12,7.27,3.4,0.77,42.03
2018-05-02,59.59,71.72,29.84,755.57,236.54,2.26,55.91,2.81,9.51,7.34,2.91,0.85,43.53
2018-05-03,22.51,71.4,29.86,754.61,253.44,1.93,50.06,2.83,12.97,9.19,3.47,0.92,51.57
2018-05-04,29.19,71.11,29.68,755.28,210.58,1.86,55.03,2.77,9.82,7.47,3.68,0.89,55.0
2018-05-05,25.24,75.44,28.82,757.61,149.22,1.69,44.67,2.99,9.36,7.4,3.73,0.89,58.55
2018-05-06,19.67,78.72,28.16,758.35,134.87,1.33,32.12,2.84,9.7,7.47,3.06,0.86,38.06
2018-05-07,15.6,78.85,28.43,757.43,238.73,1.39,29.01,2.87,11.52,8.46,2.83,0.88,35.34
2018-05-08,14.09,79.17,28.4,755.81,194.57,1.7,27.61,2.91,9.82,7.59,2.91,0.88,33.57
2018-05-09,22.71,80.53,27.98,755.5,201.29,1.36,42.33,2.9,12.87,9.18,2.66,1.0,34.83
2018-05-10,10.3,79.86,27.72,757.59,145.91,1.33,28.96,2.79,10.98,8.11,2.65,0.88,29.66
2018-05-11,12.59,77.86,28.36,756.96,140.27,1.36,28.96,2.97,10.17,7.73,2.92,0.97,27.93
2018-05-12,7.43,79.47,28.12,756.71,194.42,1.74,20.83,2.9,9.93,7.56,3.11,0.87,27.51
2018-05-13,9.56,80.66,27.75,755.83,233.66,1.53,23.69,3.04,8.59,7.04,3.57,0.79,35.5
2018-05-14,10.9,77.07,28.39,755.54,277.31,1.73,24.76,3.04,12.75,9.25,4.38,0.78,40.06
2018-05-15,28.07,76.29,28.89,753.33,215.5,1.33,48.79,2.93,14.6,10.15,3.82,1.08,41.78
2018-05-16,27.77,78.59,28.23,752.81,228.96,1.35,49.33,3.09,10.57,8.11,3.62,0.94,39.68
2018-05-17,20.33,78.31,27.98,753.8,159.41,1.47,30.48,3.29,8.18,7.02,3.33,0.94,34.6
2018-05-18,9.28,79.45,27.47,754.41,221.36,1.48,24.53,3.19,9.08,7.06,3.24,0.9,30.98
2018-05-19,12.64,75.51,28.57,753.51,216.84,1.68,29.49,3.17,6.49,5.87,3.6,0.88,29.91
2018-05-20,9.91,77.59,28.53,753.66,243.81,2.05,24.19,3.55,4.12,4.57,3.62,0.92,30.31
2018-05-21,16.36,79.48,28.23,754.21,229.56,1.34,37.34,3.75,6.06,2.93,1.75,0.94,35.69
2018-05-22,19.25,74.74,28.97,753.38,270.07,1.93,44.43,3.31,13.18,5.12,2.51,0.88,43.51
2018-05-23,21.8,80.24,27.89,752.98,271.29,1.46,44.5,2.97,11.88,8.74,4.04,0.89,46.82
2018-05-24,25.76,78.03,28.11,751.25,265.6,1.95,66.96,2.83,11.76,8.55,4.66,0.96,41.1
2018-05-25,12.23,87.64,25.46,753.43,290.5,1.49,19.31,3.08,20.08,13.01,4.02,0.6,52.03
2018-05-26,22.88,79.81,27.65,752.46,206.78,1.45,44.51,2.87,14.15,9.86,2.74,0.96,55.58
2018-05-27,10.3,82.18,27.62,752.62,169.6,1.72,26.55,2.97,8.53,6.94,2.09,0.72,56.23
2018-05-28,13.26,80.39,27.94,753.1,200.34,2.74,39.02,2.99,7.22,6.28,3.65,1.02,50.83
2018-05-29,14.61,78.24,28.23,754.67,242.64,2.9,40.51,3.09,8.5,6.72,3.94,0.89,43.12
2018-05-30,15.31,80.7,27.98,754.6,235.89,2.0,33.4,3.1,12.56,9.2,3.46,0.87,39.85
2018-05-31,19.0,79.6,28.14,755.74,254.32,1.5,43.02,2.8,15.44,10.35,3.65,1.0,32.19
2018-06-01,17.53,84.0,27.39,756.32,160.72,1.13,35.43,2.82,17.19,11.37,3.43,1.02,26.46
2018-06-02,13.45,85.48,27.05,756.96,230.4,1.34,27.31,3.11,16.14,10.85,3.0,0.85,28.38
2018-06-03,11.41,84.8,26.73,757.28,273.97,1.18,22.15,3.14,12.76,9.34,2.73,0.7,30.4
2018-06-04,17.13,83.06,27.32,755.21,241.32,1.26,31.06,2.79,18.63,12.11,2.59,0.94,28.83
2018-06-05,16.83,82.78,27.57,756.04,264.5,1.13,37.01,2.98,21.32,13.53,2.33,1.06,24.46
2018-06-06,17.03,84.77,27.51,759.22,228.42,1.57,33.59,3.23,14.32,10.09,2.59,0.92,26.71
2018-06-07,15.56,87.46,26.73,764.6,283.21,0.99,29.76,2.88,19.85,12.39,3.21,0.73,20.52
2018-06-08,13.07,82.79,27.87,762.09,228.06,2.32,43.56,3.25,8.6,7.09,2.86,0.88,26.62
2018-06-09,9.82,81.59,28.0,761.88,219.0,3.16,40.19,3.18,2.1,3.49,2.36,0.58,27.87
2018-06-10,4.87,81.03,28.63,763.46,212.72,3.21,37.06,3.19,2.05,3.23,2.36,0.59,23.81
2018-06-11,12.61,80.32,28.6,764.89,208.12,2.43,44.23,3.05,5.59,5.23,2.11,0.8,24.6
2018-06-12,13.54,80.48,28.48,762.35,225.1,2.02,54.0,3.02,9.69,7.58,2.09,0.86,24.41
2018-06-13,13.44,83.04,27.35,762.44,259.15,1.56,38.26,3.09,13.0,9.33,1.65,0.8,25.92
2018-06-14,13.61,80.36,27.39,763.1,287.99,1.86,28.64,3.15,9.61,7.53,1.82,0.68,28.03
2018-06-15,12.52,79.02,28.11,763.53,248.76,1.88,30.73,3.24,9.14,7.49,2.0,0.78,28.27
2018-06-16,12.26,87.81,26.32,765.75,279.79,1.03,28.72,3.12,14.81,10.37,1.46,0.71,27.4
2018-06-17,11.41,81.22,27.56,766.01,271.1,1.9,31.91,3.23,11.9,8.96,1.56,0.76,21.48
2018-06-18,13.36,83.22,27.63,766.19,273.54,1.49,39.11,3.08,14.25,10.09,1.56,0.95,22.87
2018-06-19,16.78,82.3,27.68,763.92,236.14,1.77,63.41,2.96,12.5,9.0,1.48,0.92,20.74
2018-06-20,16.52,83.28,27.03,764.66,239.02,1.64,47.98,3.06,10.14,7.65,1.44,0.69,25.95
2018-06-21,20.28,85.56,27.11,777.73,262.92,1.19,44.78,3.06,13.21,9.48,1.86,0.77,28.37
2018-06-22,19.23,83.39,27.95,783.17,272.05,1.33,47.24,3.02,14.13,9.98,2.19,1.01,30.83
2018-06-23,17.22,79.47,28.2,779.09,288.22,1.72,44.15,3.15,12.9,9.43,2.73,0.76,27.27
2018-06-24,14.96,79.65,28.59,776.98,266.57,2.04,24.83,3.08,9.73,7.67,2.51,0.79,28.79
2018-06-25,13.89,82.04,27.54,772.78,267.4,1.95,41.67,3.17,8.41,6.99,2.29,0.62,26.08
2018-06-26,15.08,76.82,27.87,758.11,268.49,2.52,39.56,3.23,5.58,5.59,2.92,0.95,24.61
2018-06-27,13.32,76.18,27.61,757.41,271.0,2.44,39.17,3.25,2.71,3.97,2.53,0.83,22.2
2018-06-28,14.8,77.24,27.24,755.35,287.51,1.91,34.33,3.32,6.17,5.97,2.89,0.66,26.82
2018-06-29,17.1,76.03,27.38,753.74,259.29,2.19,38.39,3.03,8.12,6.78,3.71,0.83,29.33
2018-06-30,15.45,75.18,27.76,753.91,270.99,2.23,36.0,3.12,10.09,7.91,4.19,0.8,35.25
2018-07-01,18.05,76.78,27.85,754.71,265.51,2.22,33.98,3.26,8.01,6.9,3.44,0.67,33.32
2018-07-02,19.13,76.97,27.83,754.87,267.13,2.22,34.4,3.09,8.78,7.16,3.02,0.75,32.92
2018-07-03,23.53,77.33,27.76,755.62,265.12,2.14,44.73,3.11,9.58,7.62,2.94,0.83,30.61
2018-07-04,18.54,76.25,28.2,756.73,264.32,2.57,42.31,3.14,6.78,6.16,2.42,0.89,28.06
2018-07-05,18.61,76.66,27.93,756.88,263.7,2.43,40.26,2.96,7.61,6.44,2.48,0.8,28.35
2018-07-06,18.56,73.15,28.14,756.14,276.35,2.59,45.7,3.02,8.49,6.97,2.35,0.77,31.66
2018-07-07,15.78,77.2,27.65,755.3,270.79,2.49,45.04,3.16,8.49,7.08,1.89,0.79,29.87
2018-07-08,4.3,80.99,27.04,754.33,281.97,2.09,36.05,3.14,7.13,6.35,1.98,0.71,29.54
2018-07-09,14.94,84.18,26.35,755.25,267.42,1.76,28.98,3.26,11.73,8.7,1.87,0.81,29.57
2018-07-10,10.87,86.34,25.73,757.34,235.34,1.65,28.17,3.09,13.52,9.51,1.69,0.8,27.89
2018-07-11,17.34,82.26,26.48,757.93,258.59,1.62,36.88,2.79,13.0,9.18,1.72,0.84,29.88
2018-07-12,16.14,82.38,26.95,756.48,242.55,2.05,40.51,3.01,10.37,7.82,1.94,0.87,28.61
2018-07-13,17.35,79.43,27.44,756.45,236.35,2.28,46.08,3.01,11.83,8.74,2.26,0.92,27.11
2018-07-14,11.77,79.42,27.63,755.66,255.57,2.53,35.54,3.05,8.37,6.94,1.98,0.76,27.32
2018-07-15,9.09,86.59,25.52,755.84,258.89,2.32,22.16,3.06,7.14,5.91,1.91,0.65,28.51
2018-07-16,9.98,82.32,26.11,757.18,267.18,2.83,26.01,2.96,5.76,5.08,1.98,0.67,31.38
2018-07-17,10.81,77.79,26.96,757.99,274.89,2.97,27.48,2.95,6.29,5.16,1.83,0.63,34.98
2018-07-18,14.74,73.71,28.34,766.65,272.69,3.38,39.57,2.91,8.03,6.63,1.71,0.7,35.07
2018-07-19,13.49,83.06,26.75,767.4,274.23,2.11,35.75,2.96,9.98,7.5,1.79,0.81,33.68
2018-07-20,14.65,79.62,27.89,768.19,269.04,2.52,47.3,3.01,11.23,8.42,1.74,0.76,34.59
2018-07-21,18.47,78.72,28.23,768.99,272.79,2.72,63.97,3.08,8.4,6.97,2.0,0.84,34.01
2018-07-22,0.0,77.91,28.5,769.31,271.53,3.31,57.91,3.08,4.31,4.8,2.0,0.73,34.67
2018-07-23,18.24,73.95,29.05,768.02,268.0,3.42,63.78,2.93,6.21,5.68,1.93,0.89,31.92
2018-07-24,13.28,79.57,27.55,770.58,280.11,2.46,42.49,2.87,5.83,5.43,1.85,0.8,30.19
2018-07-25,12.9,78.85,27.62,770.68,285.15,2.41,34.15,3.0,6.91,6.11,1.79,0.76,30.34
2018-07-26,14.83,78.96,27.84,771.41,272.55,2.54,40.36,2.92,7.88,6.54,1.81,0.73,27.38
2018-07-27,16.22,77.74,28.0,770.99,275.92,2.52,46.99,3.0,6.89,6.09,1.79,0.91,30.32
2018-07-28,18.81,79.96,27.98,770.32,270.16,2.44,55.28,2.92,8.25,6.74,2.13,0.95,30.86
2018-07-29,16.97,80.9,27.85,769.66,264.16,2.49,48.71,3.1,5.66,5.54,2.26,0.86,30.63
2018-07-30,13.62,83.81,27.42,768.59,256.08,2.31,37.14,2.9,6.01,5.55,2.21,0.94,28.57
2018-07-31,13.65,88.9,25.51,768.68,269.19,1.2,26.21,2.88,12.78,8.92,1.81,1.02,27.58
2018-08-01,15.02,84.12,26.53,769.4,271.29,1.34,40.07,2.93,14.95,10.24,1.66,1.07,24.51
2018-08-02,14.54,82.7,27.77,770.54,259.91,1.98,36.45,2.87,9.98,7.64,1.97,0.95,29.27
2018-08-03,19.07,79.97,28.03,768.89,260.57,2.17,37.77,2.8,8.62,6.85,1.88,0.98,25.96
2018-08-04,18.56,79.47,27.94,766.8,263.84,2.35,42.06,2.91,7.86,6.56,1.85,1.04,27.73
2018-08-05,10.89,79.39,27.89,766.73,254.34,2.98,32.85,2.96,4.42,4.53,2.02,1.07,29.12
2018-08-06,9.01,79.7,27.58,766.2,249.59,2.81,29.07,2.81,5.3,5.06,1.97,1.0,27.04
2018-08-07,9.33,81.55,27.42,764.8,243.61,2.18,30.91,2.93,5.46,4.63,1.8,1.05,30.6
2018-08-08,11.12,86.54,25.48,765.62,269.71,1.63,24.8,2.93,7.39,6.23,1.89,1.11,29.95
2018-08-09,8.86,82.89,26.81,765.32,256.39,1.89,39.02,2.85,7.77,6.34,1.78,1.17,29.21
2018-08-10,8.0,83.68,26.16,763.99,275.28,1.93,27.76,2.81,3.87,4.19,1.96,1.04,30.74
2018-08-11,10.08,79.95,26.99,762.3,268.58,2.75,31.48,2.92,3.48,4.16,2.21,1.15,31.26
2018-08-12,10.16,82.99,26.76,760.62,258.73,2.11,29.4,2.99,4.84,4.98,2.13,1.15,30.61
2018-08-13,10.51,84.4,27.14,760.66,236.68,1.99,31.89,2.76,7.53,6.18,2.05,1.42,28.21
2018-08-14,6.26,85.89,26.62,760.29,226.81,2.45,28.56,2.95,5.02,4.95,2.09,1.27,31.04
2018-08-15,0.0,89.75,25.44,772.42,273.83,1.57,67.0,2.87,5.29,4.05,1.48,0.31,14.69
2018-08-16,8.78,85.77,26.01,766.52,263.14,2.21,32.43,2.84,6.59,5.65,1.89,1.12,33.01
2018-08-17,7.04,85.96,25.96,760.04,248.08,2.43,28.52,2.8,6.91,5.94,2.19,1.18,27.64
2018-08-18,10.51,82.66,26.35,761.95,267.62,2.6,28.53,2.92,8.13,5.86,2.17,1.37,31.74
2018-08-19,9.06,82.57,26.51,761.83,261.75,2.61,30.06,2.93,5.55,5.33,2.1,1.42,30.25
2018-08-20,11.9,80.88,27.26,763.08,259.06,2.76,39.53,2.79,6.46,5.7,2.08,1.82,28.98
2018-08-21,12.8,78.18,27.87,764.38,266.28,2.47,44.82,2.96,7.11,6.18,2.35,1.47,28.36
2018-08-22,16.56,74.58,28.26,764.15,278.83,2.58,46.02,2.91,4.71,4.86,2.29,1.14,33.27
2018-08-23,13.79,73.18,28.4,764.41,274.36,2.71,42.73,2.77,5.07,4.95,2.18,1.01,32.81
2018-08-24,20.62,73.58,28.19,763.84,278.62,2.5,50.65,2.98,5.28,5.24,2.3,1.13,35.88
2018-08-25,15.67,77.69,27.82,763.1,269.26,2.35,42.32,3.0,4.26,4.6,2.21,1.79,37.25
2018-08-26,16.32,77.99,27.64,762.44,268.17,2.3,39.73,2.97,4.63,4.87,2.25,2.45,35.76
2018-08-27,15.45,76.89,27.55,762.53,279.41,2.24,36.17,2.9,4.26,4.54,2.28,2.77,35.81
2018-08-28,10.01,76.54,27.54,763.75,274.44,2.79,24.65,3.02,2.92,3.97,2.12,1.99,36.96
2018-08-29,10.88,74.99,27.85,763.65,272.58,2.64,34.54,2.92,5.07,5.07,2.28,0.81,36.3
2018-08-30,18.93,78.95,27.48,761.78,261.46,2.66,41.64,2.93,5.27,5.18,2.42,0.65,34.93
2018-08-31,20.01,77.48,27.92,762.36,260.78,2.51,49.59,2.82,6.1,5.53,2.47,0.91,30.67
2018-09-01,22.33,79.36,27.98,764.0,261.23,2.31,55.24,2.93,7.09,6.15,2.73,0.78,34.17
2018-09-02,19.3,79.04,27.93,764.1,260.23,2.41,52.17,2.94,4.69,4.88,2.68,0.78,35.34
2018-09-03,20.7,78.26,27.92,764.24,264.69,2.48,50.92,2.89,6.66,5.89,2.62,0.81,34.87
2018-09-04,19.96,76.5,27.69,765.92,269.54,2.6,51.21,2.96,5.63,5.4,2.63,0.77,39.21
2018-09-05,22.02,74.9,27.92,766.15,263.74,2.45,55.42,2.79,6.73,5.84,2.44,0.81,36.95
2018-09-06,16.16,77.68,27.72,763.61,263.27,2.43,52.53,2.92,6.84,6.0,2.4,0.79,36.68
2018-09-07,17.71,77.47,27.85,765.11,259.35,2.38,44.95,2.9,6.39,5.7,2.48,0.89,31.64
2018-09-08,15.07,74.81,28.17,763.97,269.99,2.64,43.29,3.0,4.87,4.96,2.83,0.79,38.07
2018-09-09,0.0,0.0,0.0,0.0,0.0,0.0,0.0,0.0,0.0,0.0,0.0,0.0,0.0
2018-09-10,19.0,71.19,28.7,761.19,249.12,2.93,51.71,2.9,5.72,5.39,3.39,0.56,40.79
2018-09-11,22.82,73.81,28.21,765.23,262.16,2.4,61.22,2.95,8.54,6.9,2.59,0.77,40.3
2018-09-12,24.33,73.7,28.34,763.93,265.85,2.5,67.48,2.89,7.33,6.25,2.49,0.85,44.57
2018-09-13,25.79,72.73,28.38,762.34,261.05,2.43,69.46,2.97,7.92,6.63,2.59,0.88,38.58
2018-09-14,28.25,73.97,28.13,763.09,262.28,2.2,72.03,2.89,9.31,7.3,2.64,0.93,42.84
2018-09-15,27.98,74.08,28.31,763.35,261.14,2.27,62.85,2.81,8.59,6.83,3.08,0.81,41.65
2018-09-16,19.46,76.26,28.45,764.15,260.32,2.15,43.56,3.03,6.93,6.15,3.18,0.81,42.14
2018-09-17,18.61,76.27,28.67,763.75,249.5,2.2,43.38,2.77,8.36,6.69,3.0,0.84,35.42
2018-09-18,12.15,79.2,28.02,764.43,252.35,1.92,34.57,2.88,7.66,6.4,2.54,0.83,31.44
2018-09-19,17.75,76.14,28.3,763.16,278.31,2.13,40.35,2.73,8.17,6.56,2.67,0.85,32.0
2018-09-20,13.93,81.88,27.32,760.78,267.27,1.59,31.93,2.92,6.33,5.74,2.36,0.87,37.23
2018-09-21,20.92,76.78,28.18,760.38,266.02,1.93,62.48,2.91,6.58,5.86,2.33,0.82,40.84
2018-09-22,21.32,75.33,28.58,760.11,265.24,1.91,55.74,2.74,6.83,5.85,2.53,0.91,36.43
2018-09-23,12.61,77.52,28.43,762.42,245.14,1.81,28.31,2.89,4.4,4.59,2.49,0.75,31.86
2018-09-24,17.55,77.96,28.31,762.04,249.32,1.55,30.97,2.68,8.03,6.37,2.42,0.88,32.02
2018-09-25,25.24,76.82,28.4,760.65,267.8,1.86,46.92,2.66,9.62,7.28,2.64,0.95,36.83
2018-09-26,22.88,73.66,29.05,758.48,267.75,2.09,45.93,2.91,5.81,5.43,2.88,0.85,37.95
2018-09-27,23.03,75.95,28.46,758.02,255.98,1.6,42.06,2.85,6.68,5.79,2.69,0.97,44.23
2018-09-28,25.48,76.51,28.79,757.89,252.91,1.49,44.46,2.9,7.3,6.18,2.48,0.94,36.82
2018-09-29,15.76,82.42,27.62,759.62,256.85,1.5,28.24,2.83,7.74,6.4,2.56,0.99,39.61
2018-09-30,22.08,82.96,27.69,761.17,250.53,0.98,36.32,2.84,8.16,6.56,2.82,0.96,32.0
2018-10-01,23.92,82.66,28.19,760.47,219.72,1.24,42.71,2.84,9.86,7.55,2.58,1.14,29.25
2018-10-02,16.75,84.5,27.4,761.25,213.44,1.08,30.32,2.75,6.98,5.83,2.91,0.88,27.28
2018-10-03,18.54,81.57,27.81,760.35,236.99,0.97,33.89,2.98,9.08,7.05,3.82,1.08,27.43
2018-10-04,13.76,80.88,27.84,760.17,226.43,1.34,29.0,2.85,11.32,8.35,3.59,0.84,29.16
2018-10-05,22.06,83.21,27.84,759.54,253.43,0.97,41.27,2.8,20.79,13.23,2.97,1.01,6.41
2018-10-06,27.78,82.7,28.05,759.55,194.89,1.09,48.41,2.81,7.83,6.38,3.15,1.14,8.43
2018-10-07,13.13,86.79,26.96,760.37,214.27,1.06,25.52,2.82,6.31,5.48,2.9,1.04,8.37
2018-10-08,12.04,85.99,26.74,761.31,223.44,1.15,24.49,2.74,7.71,6.32,2.68,0.99,8.64
2018-10-09,14.32,79.34,27.64,759.71,241.08,1.39,27.51,2.73,9.68,7.33,2.59,1.03,10.9
2018-10-10,14.95,78.24,27.97,757.02,226.3,1.38,34.32,2.75,9.94,7.49,2.6,1.05,11.53
2018-10-11,38.28,79.76,28.12,757.07,217.9,1.77,55.01,2.68,9.99,7.49,2.87,1.1,9.96
2018-10-12,37.34,77.06,28.65,758.3,240.22,1.48,65.73,2.97,8.84,7.08,3.21,1.02,11.23
2018-10-13,37.02,80.46,27.7,761.22,255.88,1.31,63.05,2.95,6.65,5.88,2.79,0.99,8.55
2018-10-14,29.9,79.73,27.9,762.89,215.59,1.24,52.86,2.94,4.72,4.85,2.4,0.95,6.85
2018-10-15,31.45,78.73,28.2,762.46,273.79,1.33,53.1,2.88,4.68,4.78,3.13,1.05,5.53
2018-10-16,18.07,81.96,27.26,763.39,215.98,1.37,33.64,2.73,6.74,5.74,3.21,1.04,7.89
2018-10-17,14.56,78.35,27.43,763.44,201.49,1.3,29.79,2.82,6.99,5.99,2.82,1.04,10.64
2018-10-18,14.77,75.3,28.71,761.45,233.35,1.6,28.47,2.91,4.48,4.06,2.98,0.8,8.86
2018-10-19,13.6,81.03,27.63,761.06,255.33,1.2,31.93,2.97,4.49,4.49,3.15,0.98,7.39
2018-10-20,13.05,83.39,27.1,762.33,263.07,1.13,27.85,2.88,6.6,5.57,3.15,1.01,6.68
2018-10-21,11.17,80.04,27.53,763.86,214.35,1.36,24.22,3.0,3.89,4.44,3.18,0.79,8.12
2018-10-22,19.26,82.62,27.18,767.78,260.24,1.13,32.72,3.11,8.48,6.21,2.7,1.06,7.13
2018-10-23,18.01,81.28,27.66,767.76,246.14,1.44,32.96,3.11,4.77,5.06,2.65,0.87,6.57
2018-10-24,32.98,80.05,28.03,767.06,224.78,1.21,59.95,3.07,9.23,6.92,2.44,1.28,7.48
2018-10-25,47.69,82.35,27.66,767.71,194.78,1.17,75.78,3.06,7.81,6.6,2.58,1.36,7.81
2018-10-26,52.5,77.81,28.68,767.66,172.81,1.22,91.75,3.18,9.21,7.46,3.21,1.45,11.72
2018-10-27,67.11,71.57,28.74,767.71,188.1,1.32,117.7,3.16,10.44,8.13,2.81,1.45,17.26
2018-10-28,55.81,75.07,28.79,766.7,182.88,1.36,94.0,3.25,5.77,5.72,2.66,1.14,9.91
2018-10-29,49.29,77.81,28.31,765.61,268.94,1.4,83.57,3.2,4.75,4.89,2.8,1.2,9.73
2018-10-30,51.39,76.02,28.54,764.65,261.02,1.38,90.77,3.42,3.97,4.62,3.03,1.2,20.56
2018-10-31,44.69,78.04,28.13,760.24,254.24,1.39,81.2,3.09,4.04,4.41,5.4,1.08,15.63
2018-11-01,44.82,81.12,27.37,756.59,276.5,1.21,72.05,2.83,6.98,5.71,2.72,1.26,6.08
2018-11-02,40.65,81.65,27.74,756.57,192.92,1.25,73.12,2.8,11.39,8.29,3.45,1.37,9.73
2018-11-03,10.34,84.22,26.85,758.51,262.76,0.97,26.77,2.94,9.57,7.43,2.81,1.14,34.76
2018-11-04,29.12,80.52,27.94,758.83,216.51,1.09,48.62,2.78,7.41,5.98,2.73,1.36,34.72
2018-11-05,66.23,77.3,28.48,759.79,212.7,1.2,88.31,2.82,8.88,6.74,2.57,1.4,34.56
2018-11-06,59.84,80.81,27.56,760.47,229.21,1.32,80.4,2.9,5.94,5.02,2.48,1.2,44.87
2018-11-07,41.03,79.5,27.29,760.9,253.03,0.84,60.08,5.15,11.07,8.86,3.53,1.4,40.23
2018-11-08,50.07,81.39,27.43,760.02,173.1,0.9,74.12,5.06,13.99,10.2,4.55,1.73,40.59
2018-11-09,39.53,80.62,27.43,758.64,163.54,1.05,59.49,5.91,8.1,8.81,5.27,1.49,36.71
2018-11-10,36.45,76.96,28.02,759.79,243.99,1.14,55.69,4.56,5.88,6.73,5.79,1.4,46.67
2018-11-11,35.78,77.27,28.03,761.94,242.5,1.52,53.21,3.99,3.97,4.42,6.15,1.2,46.71
2018-11-12,43.93,75.84,28.0,760.93,267.57,1.42,62.56,4.32,5.49,5.32,5.59,1.17,56.04
2018-11-13,44.36,77.34,27.62,758.76,232.26,1.42,60.62,4.24,6.02,5.9,5.31,1.2,64.12
2018-11-14,62.67,77.22,28.31,757.59,237.66,1.37,89.25,4.21,6.0,5.96,5.3,1.29,63.92
2018-11-15,70.54,77.86,28.76,757.69,247.66,1.51,104.01,3.87,5.33,5.53,4.68,1.37,73.09
2018-11-16,55.32,82.2,26.06,758.34,261.12,1.21,71.84,3.64,5.53,5.2,3.76,1.11,63.9
2018-11-17,52.86,75.99,27.84,760.12,192.85,1.3,78.06,3.53,8.5,3.76,5.91,1.31,51.11
2018-11-18,44.59,81.29,27.24,760.77,259.78,1.26,61.82,3.29,3.23,3.85,3.58,1.23,41.51
2018-11-19,31.51,81.92,27.53,761.5,263.25,1.27,45.98,4.42,4.83,5.57,4.24,1.22,36.55
2018-11-20,20.78,83.26,27.05,762.03,250.8,0.98,36.64,4.59,7.13,6.6,3.86,1.25,36.32
2018-11-21,23.13,78.61,27.94,761.4,258.93,1.43,36.95,4.19,7.2,6.15,3.42,1.22,43.31
2018-11-22,30.82,77.43,28.5,760.54,221.75,1.22,48.17,3.92,4.77,5.5,3.29,1.29,44.86
2018-11-23,30.41,76.6,28.54,762.69,249.64,1.27,48.65,4.06,4.33,5.26,3.44,1.17,45.06
2018-11-24,19.4,81.0,27.54,764.9,237.54,1.2,36.83,4.75,6.14,6.78,3.42,1.27,31.54
2018-11-25,27.94,80.25,27.7,764.04,231.34,1.32,44.97,3.49,3.71,4.25,3.29,1.19,42.39
2018-11-26,62.83,76.25,28.15,760.89,194.07,1.18,90.57,4.19,9.4,7.27,3.72,1.53,45.23
2018-11-27,77.9,71.11,28.28,760.82,238.22,1.24,112.25,4.19,11.41,7.92,4.26,1.55,57.96
2018-11-28,85.11,73.43,28.45,761.02,219.61,1.09,118.66,4.58,10.86,9.51,5.37,1.75,65.71
2018-11-29,73.29,75.23,28.25,762.29,252.51,0.78,105.02,5.07,8.88,8.86,5.74,1.81,43.46
2018-11-30,36.69,75.36,28.35,763.08,232.72,1.1,58.83,5.96,8.75,9.27,5.49,1.82,39.07
2018-12-01,57.46,78.32,28.32,759.56,191.22,1.1,70.88,5.67,8.13,8.83,5.1,1.97,37.83
2018-12-02,0.0,75.08,28.31,757.39,206.99,1.23,72.36,4.4,7.01,7.31,4.68,1.61,46.15
2018-12-03,45.8,76.11,28.22,758.34,230.39,1.3,70.05,4.61,6.53,7.04,5.0,1.62,51.82
2018-12-04,63.11,80.09,27.96,759.32,229.44,0.99,90.11,4.59,7.48,7.54,5.81,2.03,41.03
2018-12-05,53.45,79.74,28.29,759.52,237.39,1.04,75.56,5.69,9.18,9.26,5.41,1.96,36.74
2018-12-06,40.15,77.89,28.53,758.53,211.18,1.37,59.88,5.31,6.07,7.4,4.19,1.73,31.07
2018-12-07,33.47,77.53,28.5,759.02,193.65,1.43,50.89,5.22,5.73,7.29,3.8,1.72,40.28
2018-12-08,29.85,77.3,28.14,760.04,205.31,1.31,49.73,4.41,7.03,6.88,3.75,1.82,40.7
2018-12-09,59.22,77.36,28.16,759.77,208.96,1.22,87.41,3.83,6.44,6.22,3.79,1.89,43.62
2018-12-10,76.74,77.62,27.98,760.54,240.06,1.1,114.94,3.6,8.7,7.05,3.89,2.08,46.07
2018-12-11,95.03,78.07,27.93,761.2,236.49,1.15,126.49,2.99,5.73,4.54,4.01,2.21,55.33
2018-12-12,79.21,77.81,28.0,762.52,257.67,1.36,111.53,2.95,5.54,5.12,3.62,2.09,57.43
2018-12-13,58.35,75.97,28.52,762.89,251.7,1.36,89.57,2.88,4.66,4.59,3.59,2.13,57.77
2018-12-14,51.12,74.47,28.29,762.55,236.18,1.19,74.91,3.12,3.69,3.5,3.73,2.1,64.55
2018-12-15,63.14,77.77,27.68,761.69,229.49,1.21,91.79,2.98,6.94,5.97,3.89,2.41,42.47
2018-12-16,64.72,76.55,27.64,761.45,267.9,1.19,89.82,3.5,6.65,0.87,0.99,2.31,48.06
2018-12-17,54.76,76.35,27.67,762.03,258.81,1.42,85.85,3.24,14.82,4.39,2.2,2.05,48.22
2018-12-18,77.82,74.03,27.76,761.68,265.09,1.35,112.48,2.76,13.81,9.59,4.92,2.42,62.25
2018-12-19,79.93,75.5,27.91,761.58,255.86,1.25,114.32,2.79,7.73,6.37,6.47,2.91,62.83
2018-12-20,72.17,73.6,28.24,762.01,243.68,1.21,103.0,2.72,9.26,7.02,5.87,2.55,63.43
2018-12-21,69.0,75.07,28.02,761.79,236.89,1.35,102.38,2.67,7.93,6.33,5.41,2.76,66.61
2018-12-22,76.41,76.91,28.04,760.98,233.29,1.02,111.73,2.72,9.82,7.3,6.81,2.95,59.01
2018-12-23,37.61,75.7,28.36,760.94,217.04,1.23,55.38,2.77,5.52,5.12,5.41,2.47,50.78
2018-12-24,42.28,81.0,28.0,761.88,194.04,1.16,62.61,2.81,9.38,7.03,4.68,2.93,31.06
2018-12-25,33.1,77.47,28.61,762.03,180.57,1.2,49.36,2.64,4.86,4.62,4.61,2.49,47.38
2018-12-26,48.57,78.46,28.13,762.51,220.47,1.27,71.49,2.66,7.57,6.12,4.96,2.44,44.45
2018-12-27,52.72,76.04,27.99,762.01,251.58,1.27,81.15,2.65,6.7,5.66,4.93,2.89,61.48
2018-12-28,48.98,73.5,28.09,760.69,249.7,1.32,77.77,2.62,6.15,5.34,4.75,4.87,62.08
2018-12-29,53.83,72.19,28.01,762.34,254.17,1.03,87.82,2.6,8.25,6.13,5.19,5.68,55.55
2018-12-30,52.23,67.85,28.63,764.18,237.93,1.34,82.64,2.67,6.17,5.43,5.13,5.39,71.06
2018-12-31,62.8,66.09,28.37,765.58,215.45,1.29,102.39,2.66,12.63,7.77,5.51,4.74,74.15
2019-01-01,60.29,67.05,27.76,766.17,225.86,1.31,96.83,2.8,9.23,6.77,5.36,4.33,79.41
2019-01-02,62.23,66.0,27.21,766.3,247.3,1.17,99.53,2.5,9.94,7.27,5.77,0.08,72.65
2019-01-03,58.72,62.5,27.26,767.01,236.21,1.19,92.79,2.7,6.92,5.55,6.15,0.05,80.27
2019-01-04,44.31,59.86,27.23,765.81,225.21,1.3,80.29,2.83,12.39,8.4,5.63,0.05,77.36
2019-01-05,46.16,65.42,27.01,765.03,236.62,1.38,84.33,2.82,10.83,8.06,6.11,0.05,69.01
2019-01-06,46.48,69.88,26.84,763.22,241.92,1.4,79.18,2.63,7.62,6.15,7.59,0.0,67.48
2019-01-07,53.99,69.02,26.95,762.36,247.88,1.32,89.85,2.7,10.09,7.27,7.4,0.03,66.31
2019-01-08,61.98,69.53,27.05,762.55,232.95,1.22,96.43,2.58,6.87,5.58,7.55,0.07,68.43
2019-01-09,65.16,69.77,27.16,762.02,246.88,1.29,103.38,2.58,6.54,5.58,6.96,0.03,77.0
2019-01-10,54.4,69.66,27.15,761.89,231.84,1.43,91.09,2.56,9.7,7.18,6.54,0.0,78.15
2019-01-11,64.61,73.36,27.46,763.8,253.12,1.42,99.68,2.5,8.28,6.44,6.82,0.0,83.94
2019-01-12,67.74,72.3,27.69,763.11,232.64,1.35,101.9,2.47,8.49,6.3,7.19,0.0,74.24
2019-01-13,61.46,71.18,27.8,763.07,234.08,1.3,95.82,2.47,6.4,5.42,6.48,0.0,76.27
2019-01-14,72.96,73.49,28.07,762.04,231.56,1.28,111.01,2.61,10.64,7.76,6.48,0.01,65.74
2019-01-15,70.94,72.93,28.1,762.48,233.43,1.4,105.85,2.59,8.06,6.29,6.15,0.01,70.02
2019-01-16,76.07,66.38,28.31,762.52,219.03,1.19,114.69,2.45,10.76,7.57,5.99,0.0,85.14
2019-01-17,61.8,65.89,27.73,761.1,236.54,1.38,97.58,2.51,9.0,6.77,5.92,0.0,81.72
2019-01-18,78.43,66.5,27.1,761.54,227.71,1.23,120.47,2.85,13.51,9.38,6.58,0.06,73.95
2019-01-19,75.73,63.56,27.25,763.46,239.33,1.4,111.68,2.54,9.92,7.21,6.31,0.02,89.01
2019-01-20,82.56,67.24,26.64,763.92,214.28,0.89,120.21,2.16,10.98,7.48,6.74,0.41,80.7
2019-01-21,80.15,71.68,25.16,763.95,270.56,0.86,116.76,1.12,17.18,9.83,6.37,1.11,49.55
2019-01-22,61.76,63.14,26.54,764.69,239.61,1.28,96.43,1.11,14.55,8.38,6.9,0.92,68.05
2019-01-23,71.06,66.94,26.84,763.69,240.38,1.41,107.81,1.02,12.72,7.53,7.62,0.88,82.22
2019-01-24,71.78,70.12,27.59,764.64,225.84,1.39,106.49,1.05,11.65,6.91,7.44,0.94,77.35
2019-01-25,59.11,71.03,28.1,764.16,226.51,1.42,89.7,0.98,10.85,6.38,6.53,0.97,70.89
2019-01-26,51.93,72.91,28.18,763.95,233.6,1.64,80.38,0.93,8.23,5.12,5.7,0.78,65.41
2019-01-27,40.19,72.03,28.29,764.67,237.62,1.68,71.93,0.92,5.78,3.81,4.96,0.6,75.01
2019-01-28,40.33,71.14,28.6,764.74,238.17,1.66,70.76,0.98,7.28,4.56,4.59,0.7,70.8
2019-01-29,35.23,70.45,28.48,763.97,233.72,1.61,60.43,0.97,7.27,4.52,4.2,0.7,64.19
2019-01-30,40.07,69.7,28.34,764.16,221.91,1.59,67.34,0.93,8.45,5.23,4.53,0.76,70.53
2019-01-31,40.64,59.12,29.01,762.85,251.52,1.67,67.93,0.97,8.94,5.49,4.4,0.71,90.76
2019-02-01,40.09,59.9,28.55,763.58,238.52,1.61,70.67,0.93,8.15,4.97,4.73,0.67,86.98
2019-02-02,48.31,69.81,27.98,762.51,224.85,1.68,78.65,0.97,9.85,5.83,5.23,0.83,71.78
2019-02-03,39.12,67.46,28.38,763.55,213.17,1.48,63.71,0.97,6.45,4.14,5.42,0.66,68.31
2019-02-04,46.55,70.33,28.68,764.84,208.83,1.28,74.68,0.95,10.96,6.35,5.24,0.92,59.7
2019-02-05,42.36,72.77,29.18,765.06,130.43,1.5,69.57,1.17,10.56,6.29,4.71,0.92,58.96
2019-02-06,37.57,76.42,28.46,762.74,214.08,1.39,57.4,0.99,8.82,5.33,5.52,0.87,58.42
2019-02-07,47.3,72.77,28.74,762.74,198.3,1.56,73.19,1.02,8.46,5.29,5.49,0.75,64.79
2019-02-08,57.57,73.23,28.65,763.99,208.7,1.42,87.06,1.0,9.81,5.88,5.85,0.9,69.28
2019-02-09,54.66,75.06,28.08,764.09,267.64,1.4,81.93,0.96,7.63,4.77,5.44,0.8,60.92
2019-02-10,37.73,78.42,27.9,765.23,232.09,1.18,61.22,1.02,8.96,5.46,4.4,0.8,42.04
2019-02-11,31.97,74.58,28.68,764.11,239.85,1.51,58.97,0.9,9.21,5.44,4.79,0.83,47.3
2019-02-12,36.29,67.55,28.97,763.9,214.76,1.41,65.54,0.89,10.75,6.14,4.86,0.86,51.48
2019-02-13,38.39,65.09,28.89,765.52,211.19,1.51,74.11,1.03,11.27,6.46,5.02,0.86,72.1
2019-02-14,45.25,73.09,28.66,763.69,235.35,1.52,82.92,0.86,8.82,5.23,5.68,0.83,62.01
2019-02-15,44.6,71.33,29.16,763.84,210.72,1.7,79.4,0.99,8.46,5.24,5.19,0.84,72.38
2019-02-16,35.8,72.46,29.14,761.2,216.6,1.56,64.1,0.91,6.72,4.25,4.65,0.73,67.84
2019-02-17,33.31,73.17,29.11,759.65,244.46,2.03,65.64,0.93,5.31,3.57,4.34,0.66,54.85
2019-02-18,31.01,72.58,28.71,757.66,226.97,2.04,60.99,0.92,6.4,4.03,3.91,0.66,59.53
2019-02-19,28.12,76.64,28.24,757.32,238.02,1.25,57.58,0.93,5.38,3.47,4.3,0.67,50.42
2019-02-20,34.72,64.06,30.16,760.68,243.51,1.54,66.82,0.92,5.16,3.47,4.44,0.65,55.56
2019-02-21,22.95,59.72,29.32,762.79,235.9,1.87,51.84,0.98,6.25,3.98,4.44,0.6,64.03
2019-02-22,23.75,62.44,28.66,760.04,214.51,1.71,54.11,1.05,8.22,4.95,4.74,0.71,58.2
2019-02-23,28.08,63.44,28.37,757.95,247.46,1.74,60.77,0.94,6.26,4.02,4.83,0.54,72.99
2019-02-24,28.27,63.32,28.08,756.8,198.93,1.72,58.27,0.91,6.06,3.9,4.68,0.55,73.28
2019-02-25,38.04,71.41,28.16,757.04,238.89,1.59,68.46,0.89,7.25,4.45,4.76,0.69,69.9
2019-02-26,40.12,71.51,28.83,756.72,249.29,1.99,68.03,0.91,5.89,3.85,4.42,0.64,66.41
2019-02-27,33.51,71.04,28.96,755.73,240.54,2.01,67.45,0.91,5.62,3.61,3.93,0.63,59.98
2019-02-28,31.64,71.9,28.91,755.41,255.17,2.15,75.4,0.89,5.76,3.71,3.61,0.67,60.58
2019-03-01,32.31,71.72,29.05,755.01,207.62,2.02,88.49,1.02,5.51,3.73,3.45,0.59,67.69
2019-03-02,30.5,72.71,29.31,756.0,208.79,1.69,68.05,0.95,6.69,4.18,3.45,0.74,59.56
2019-03-03,33.88,73.91,29.06,756.54,221.17,1.76,62.68,0.98,4.51,3.19,3.31,0.64,65.02
2019-03-04,45.5,72.01,29.19,756.57,230.71,1.5,69.0,0.81,5.6,3.57,3.29,0.75,62.21
2019-03-05,21.27,71.34,29.36,756.07,272.44,2.21,58.69,0.88,4.75,3.15,3.08,0.61,56.82
2019-03-06,0.0,72.35,29.11,756.68,245.74,2.4,69.72,0.93,4.8,3.27,2.87,0.58,49.35
2019-03-07,56.24,72.76,29.17,755.81,218.67,2.01,179.32,0.77,5.72,3.55,2.87,0.64,59.2
2019-03-08,40.03,72.17,29.41,758.66,219.94,1.79,125.09,0.93,6.05,3.82,3.12,0.68,48.5
2019-03-09,29.81,73.11,29.02,760.32,243.88,2.11,84.17,0.89,4.26,2.96,3.6,0.66,59.43
2019-03-10,25.62,71.31,29.45,760.23,209.78,1.57,61.53,0.9,4.94,3.29,3.77,0.65,61.42
2019-03-11,30.25,72.65,29.36,761.32,232.59,1.7,70.59,0.89,5.98,3.76,3.77,0.75,55.14
2019-03-12,37.15,69.06,29.17,761.44,255.2,1.64,72.98,0.92,5.39,3.58,3.57,0.66,67.5
2019-03-13,47.33,65.63,30.16,761.07,204.76,2.27,94.23,0.88,8.1,4.9,4.0,0.8,99.78
2019-03-14,43.74,70.02,28.83,761.18,255.47,1.49,88.85,0.87,5.54,3.65,3.6,0.75,67.38
2019-03-15,39.18,63.79,30.44,760.2,157.96,2.11,84.86,1.05,8.46,5.15,4.55,0.84,94.49
2019-03-16,44.92,67.3,29.3,759.95,226.22,1.57,89.57,0.96,7.24,4.44,4.08,0.84,66.95
2019-03-17,45.08,69.38,29.31,759.54,215.59,1.67,85.24,0.86,5.86,3.71,3.76,0.81,67.88
2019-03-18,35.77,70.71,29.48,759.28,231.12,1.69,72.77,0.84,6.21,3.92,3.56,0.83,58.48
2019-03-19,32.51,71.52,29.52,756.85,209.39,1.71,64.45,0.93,7.55,4.34,3.3,0.88,49.44
2019-03-20,31.55,71.76,29.52,756.68,220.52,1.59,62.28,0.88,7.07,4.36,3.44,0.89,45.8
2019-03-21,31.11,70.45,29.33,756.45,235.32,1.68,60.46,0.91,6.66,4.19,3.63,0.85,57.35
2019-03-22,32.33,65.81,29.77,757.15,234.29,1.66,61.18,0.9,6.77,4.24,3.97,0.85,68.92
2019-03-23,32.21,70.54,29.64,756.73,253.57,1.88,64.57,0.82,5.13,3.32,4.25,0.8,64.11
2019-03-24,28.32,71.1,29.79,754.93,257.29,1.69,59.11,0.76,4.09,2.78,3.71,0.7,63.36
2019-03-25,32.06,72.28,29.49,753.78,222.64,1.94,65.01,0.9,6.34,3.99,3.36,0.85,55.74
2019-03-26,30.25,69.25,29.44,756.81,245.22,1.94,67.15,0.88,4.77,3.2,2.97,0.73,56.96
2019-03-27,29.02,67.47,29.59,759.49,237.97,1.71,67.53,1.02,6.04,3.77,3.1,0.57,61.02
2019-03-28,35.68,70.19,30.09,758.57,217.16,1.76,75.64,0.93,6.23,3.87,3.28,0.81,47.92
2019-03-29,34.27,70.19,29.86,755.89,250.98,2.0,75.96,0.88,5.15,3.39,2.94,0.73,53.59
2019-03-30,34.82,71.24,29.96,756.1,258.45,1.97,85.8,0.87,4.87,3.11,2.84,0.84,50.56
2019-03-31,38.19,70.61,30.08,756.88,244.08,2.0,81.03,0.84,3.38,2.48,2.52,0.75,51.98
2019-04-01,38.93,70.82,30.0,756.72,236.76,2.27,78.95,0.89,4.13,2.92,2.57,0.82,46.96
2019-04-02,44.24,69.67,30.04,755.57,252.35,2.28,82.38,0.85,4.99,3.27,2.58,0.77,46.12
2019-04-03,40.11,70.67,30.17,755.24,213.07,1.84,80.31,0.88,4.98,3.33,2.62,0.75,49.89
2019-04-04,25.0,69.23,29.95,757.91,194.38,1.97,50.43,0.9,5.5,3.59,2.91,0.78,49.7
2019-04-05,19.8,67.92,29.75,758.18,215.98,1.68,44.82,1.02,6.19,3.72,2.54,0.75,41.27
2019-04-06,22.65,70.47,30.07,756.86,258.48,2.08,51.58,0.86,5.51,3.54,2.64,0.75,42.81
2019-04-07,29.08,70.1,30.42,755.34,261.5,2.15,66.47,0.82,3.81,2.66,3.21,0.62,52.03
2019-04-08,29.27,68.73,30.46,754.76,227.0,1.83,70.94,0.97,4.25,2.96,3.15,0.7,48.09
2019-04-09,30.21,70.29,30.4,754.99,251.21,1.88,67.2,0.87,4.16,2.84,2.95,0.85,49.18
2019-04-10,29.05,69.97,30.31,755.4,242.14,1.93,61.36,0.88,4.47,3.07,2.72,0.88,56.71
2019-04-11,27.73,68.64,30.55,755.11,260.77,2.02,61.31,0.78,3.96,2.72,2.61,0.87,56.34
2019-04-12,27.67,69.38,30.37,753.53,252.6,2.24,63.97,0.81,4.2,2.8,2.84,0.84,47.34
2019-04-13,29.5,70.2,30.5,753.42,241.15,1.97,61.33,2.29,5.82,3.33,2.96,0.87,48.52
2019-04-14,30.45,69.49,30.62,753.93,228.03,1.67,62.34,1.64,5.7,3.25,3.08,0.91,48.86
2019-04-15,26.3,71.92,29.91,754.84,266.95,1.84,52.1,1.63,5.66,3.26,3.03,0.9,45.33
2019-04-16,25.25,72.26,29.99,754.09,257.46,1.93,52.24,1.61,7.6,4.31,3.12,0.99,37.95
2019-04-17,27.88,75.2,28.86,755.26,271.71,1.54,55.88,1.55,6.93,3.78,2.87,0.95,39.03
2019-04-18,22.92,75.28,29.08,754.2,239.4,1.64,43.94,1.15,6.23,3.74,3.23,0.88,44.73
2019-04-19,19.81,74.92,28.95,753.59,258.6,1.34,41.98,1.47,5.68,3.28,3.13,0.95,45.46
2019-04-20,6.5,71.83,29.2,751.51,261.29,1.49,32.7,1.68,5.47,3.15,2.73,0.98,47.43
2019-04-21,0.0,75.44,28.73,751.18,235.75,1.73,28.41,1.54,5.55,3.18,2.42,0.94,46.57
2019-04-22,19.89,72.35,29.52,750.44,248.73,2.27,41.23,2.03,5.0,2.93,3.23,0.92,53.81
2019-04-23,13.11,71.65,28.89,752.33,232.59,1.49,29.18,1.57,5.12,2.96,3.53,0.72,60.35
2019-04-24,20.32,70.56,29.51,753.72,247.31,1.57,39.93,1.67,6.5,3.84,3.47,0.93,54.72
2019-04-25,21.95,71.38,29.65,753.94,258.94,1.78,43.85,1.58,6.69,3.77,3.21,0.82,54.05
2019-04-26,23.26,71.73,29.74,751.83,246.64,2.15,54.27,1.09,5.4,3.34,3.15,0.89,55.43
2019-04-27,25.11,74.72,30.1,751.0,250.39,1.96,60.61,1.23,8.27,4.8,3.11,1.06,45.09
2019-04-28,24.12,76.1,30.31,750.57,220.22,1.98,58.82,1.5,4.82,2.84,2.87,0.98,38.59
2019-04-29,23.61,73.62,29.64,751.7,248.46,2.02,55.33,1.07,5.69,12.68,2.78,0.86,48.93
2019-04-30,20.86,74.45,29.26,752.16,221.66,2.04,49.93,1.53,6.13,3.45,2.67,1.07,55.25
2019-05-01,21.94,76.85,28.8,752.86,250.89,2.04,50.44,1.48,4.27,2.88,2.69,0.9,51.09
2019-05-02,31.32,72.38,29.9,752.88,250.38,1.77,90.02,1.01,4.94,12.15,2.62,1.08,38.13
2019-05-03,34.16,71.03,29.85,755.76,244.07,2.21,102.94,1.69,7.03,3.88,2.47,1.03,41.31
2019-05-04,33.52,71.1,29.72,758.81,271.26,2.36,99.57,1.83,5.24,3.02,2.46,0.87,46.41
2019-05-05,30.58,69.33,29.73,759.75,244.78,2.57,98.5,1.63,3.45,2.43,2.49,0.81,47.54
2019-05-06,35.21,73.72,29.73,758.31,251.97,2.38,110.43,2.1,5.23,2.89,2.68,1.07,42.07
2019-05-07,28.46,70.94,30.14,760.26,237.6,2.31,87.07,1.55,3.89,2.69,2.59,0.99,34.09
2019-05-08,24.21,70.27,29.57,760.25,242.29,2.36,67.16,1.2,4.35,6.89,2.37,0.97,33.74
2019-05-09,22.33,71.7,29.37,757.17,253.67,2.59,64.15,1.47,5.47,3.1,2.47,0.83,39.16
2019-05-10,20.96,72.75,29.78,756.28,242.48,2.42,56.74,2.39,5.95,3.34,2.4,0.88,48.21
2019-05-11,18.79,73.52,30.37,758.64,245.56,2.19,54.01,1.41,4.97,2.81,2.59,0.82,40.25
2019-05-12,17.69,73.26,29.97,757.68,243.73,2.06,48.19,1.39,4.41,2.55,2.53,0.77,45.19
2019-05-13,15.37,72.22,29.99,756.79,250.1,2.33,45.07,1.09,3.26,7.0,2.33,0.87,32.82
2019-05-14,15.5,71.34,29.93,756.38,264.99,2.57,44.5,1.44,4.69,2.7,2.36,0.96,33.7
2019-05-15,15.3,73.02,29.99,757.38,254.99,2.46,46.29,1.36,4.72,2.73,2.37,1.37,36.54
2019-05-16,20.18,74.11,30.08,758.19,241.28,2.2,58.42,1.53,3.62,6.44,2.28,2.48,40.87
2019-05-17,23.07,74.34,30.04,757.93,249.56,2.15,65.47,1.48,4.88,2.77,2.27,3.34,33.14
2019-05-18,21.97,74.71,29.55,756.71,258.86,1.59,55.57,1.03,3.59,8.06,2.0,1.91,48.13
2019-05-19,15.45,75.1,29.94,755.53,233.1,1.8,46.94,1.43,4.11,2.31,1.83,0.64,38.57
2019-05-20,28.81,75.43,29.86,756.4,246.38,1.6,63.15,1.36,6.79,4.05,1.97,0.81,29.87
2019-05-21,30.8,76.49,30.11,761.44,252.39,1.85,72.15,1.26,5.31,2.95,1.99,0.7,37.28
2019-05-22,26.35,74.77,30.55,765.9,244.73,2.04,64.01,1.66,6.89,3.96,1.79,0.69,37.84
2019-05-23,20.2,77.05,30.07,761.07,224.35,2.03,51.45,0.89,4.19,2.37,1.83,0.66,28.7
2019-05-24,13.98,82.19,28.29,763.29,215.16,2.04,29.16,0.6,5.6,2.95,2.06,0.39,30.95
2019-05-25,9.9,79.33,28.93,764.51,231.51,1.74,30.56,0.71,12.18,7.01,1.8,0.64,40.24
2019-05-26,12.46,75.5,30.04,761.62,246.03,2.02,34.89,1.1,4.26,2.45,1.69,0.5,37.2
2019-05-27,18.36,77.53,30.19,759.81,251.47,1.97,54.09,1.2,4.86,2.76,1.86,0.55,32.13
2019-05-28,29.01,74.08,30.55,759.2,270.57,2.39,77.79,1.19,4.49,2.49,1.78,0.53,28.21
2019-05-29,26.62,73.89,29.95,758.64,259.24,2.15,73.88,0.85,3.12,2.06,1.63,0.55,41.38
2019-05-30,26.19,74.68,30.14,758.2,265.7,2.13,81.15,1.12,4.5,2.51,1.59,0.7,36.68
2019-05-31,19.76,78.1,29.18,757.04,260.33,1.83,48.85,1.31,4.59,2.54,1.55,0.62,32.64
2019-06-01,22.42,76.01,29.93,757.66,251.2,1.82,55.18,0.9,2.73,1.84,1.63,0.61,29.84
2019-06-02,11.69,80.19,29.27,758.48,207.85,1.21,32.83,0.55,2.4,1.72,1.38,0.46,22.76
2019-06-03,8.9,73.08,30.14,757.46,240.62,2.57,37.96,0.51,4.9,2.96,4.67,0.74,36.92
2019-06-04,9.38,79.25,28.84,757.67,231.86,1.88,29.21,1.11,4.11,2.4,2.37,0.66,35.01
2019-06-05,11.08,80.21,28.76,756.11,255.02,1.62,27.54,1.03,3.4,1.96,1.97,0.59,36.21
2019-06-06,20.89,79.45,28.85,755.93,232.77,1.42,47.67,0.8,5.17,2.83,1.7,0.79,28.17
2019-06-07,12.53,79.27,29.09,758.21,235.57,1.75,31.6,1.07,4.31,2.33,1.47,0.73,30.78
2019-06-08,6.61,78.49,28.98,758.19,210.56,1.52,25.08,1.27,4.29,2.36,1.29,0.71,33.55
2019-06-09,8.12,85.06,27.86,757.81,137.34,1.75,25.23,0.93,3.07,1.82,1.29,0.55,27.52
2019-06-10,8.77,85.68,27.36,757.36,207.79,1.45,23.06,1.32,4.6,2.49,1.29,0.54,35.08
2019-06-11,0.0,0.0,0.0,0.0,0.0,0.0,0.0,0.0,0.0,0.0,0.0,0.0,0.0
2019-06-12,0.0,0.0,0.0,0.0,0.0,0.0,0.0,0.0,0.0,0.0,0.0,0.0,0.0
2019-06-13,0.0,0.0,0.0,0.0,0.0,0.0,0.0,0.0,0.0,0.0,0.0,0.0,0.0
2019-06-14,0.0,0.0,0.0,0.0,0.0,0.0,0.0,0.0,0.0,0.0,0.0,0.0,0.0
2019-06-15,0.0,0.0,0.0,0.0,0.0,0.0,0.0,0.0,0.0,0.0,0.0,0.0,0.0
2019-06-16,0.0,0.0,0.0,0.0,0.0,0.0,0.0,0.0,0.0,0.0,0.0,0.0,0.0
2019-06-17,0.0,0.0,0.0,0.0,0.0,0.0,0.0,0.0,0.0,0.0,0.0,0.0,0.0
2019-06-18,10.22,76.88,31.53,759.62,234.56,2.48,57.81,0.77,2.41,1.36,6.29,0.0,14.62
2019-06-19,9.56,78.5,31.38,756.95,260.91,2.61,46.26,1.01,2.18,8.93,10.54,0.08,14.38
2019-06-20,2.88,81.53,29.47,758.19,293.75,2.05,23.33,0.67,1.36,1.16,9.79,0.45,22.08
2019-06-21,0.0,0.0,0.0,0.0,0.0,0.0,0.0,0.67,1.6,1.2,8.02,0.47,17.19
2019-06-22,0.0,0.0,0.0,0.0,0.0,0.0,0.0,0.64,2.01,1.5,6.94,0.85,14.37
2019-06-23,0.0,0.0,0.0,0.0,0.0,0.0,0.0,0.54,1.52,1.2,5.97,0.43,15.43
2019-06-24,0.0,0.0,0.0,0.0,0.0,0.0,0.0,0.56,1.9,1.43,6.0,0.69,14.16
2019-06-25,20.21,56.95,30.96,755.05,230.76,2.8,58.0,0.48,1.87,1.32,5.5,0.64,14.3
2019-06-26,17.8,57.25,31.11,753.33,242.22,2.31,55.74,0.75,2.16,8.72,6.06,0.66,14.02
2019-06-27,13.29,56.6,32.08,751.76,272.91,2.5,50.83,1.51,2.31,5.44,6.74,0.63,14.79
2019-06-28,13.14,55.94,31.82,751.55,286.07,2.8,44.68,1.02,2.27,5.96,6.06,0.58,14.48
2019-06-29,15.3,54.58,31.74,750.83,294.31,2.94,47.16,1.19,3.08,9.68,6.11,0.7,15.29
2019-06-30,9.1,56.55,31.42,750.3,325.77,2.72,39.88,1.7,2.67,9.82,5.93,0.59,14.99
2019-07-01,9.46,58.2,31.42,748.78,326.06,2.51,36.08,1.72,2.32,10.12,5.57,0.77,15.04
2019-07-02,11.18,60.29,31.56,749.97,279.05,2.51,43.18,1.44,3.3,9.77,5.02,0.79,15.03
2019-07-03,10.96,61.47,31.54,751.11,287.59,2.09,34.73,1.8,3.39,15.49,5.58,0.81,17.89
2019-07-04,4.95,55.91,31.21,751.6,246.9,1.89,27.59,1.13,3.62,11.09,5.13,0.62,17.83
2019-07-05,7.76,59.95,31.51,750.1,244.62,2.03,39.58,0.98,3.36,11.12,3.3,0.82,14.69
2019-07-06,10.4,59.0,31.83,750.17,211.64,2.15,49.26,0.97,3.33,11.17,3.21,0.79,16.05
2019-07-07,4.01,61.17,31.71,751.06,274.59,2.03,29.01,1.38,2.79,10.61,2.39,0.53,17.9
2019-07-08,7.62,62.38,31.75,752.11,280.01,2.14,26.17,0.99,2.28,16.72,2.74,0.61,17.6
2019-07-09,6.89,61.35,30.64,751.4,282.77,1.79,26.12,0.91,3.67,7.22,2.45,0.65,22.73
2019-07-10,10.96,61.73,30.16,751.38,293.64,1.72,33.51,0.88,4.53,7.67,2.31,0.67,23.62
2019-07-11,24.12,58.62,31.41,751.62,313.19,2.15,51.87,1.15,6.34,8.61,2.56,0.83,33.48
2019-07-12,21.86,60.14,31.47,752.86,305.33,2.15,49.59,0.9,5.18,8.01,2.19,0.76,23.39
2019-07-13,16.51,60.73,31.54,753.52,300.27,2.05,37.18,0.83,3.55,2.17,1.96,0.65,22.28
2019-07-14,10.5,60.66,31.15,753.12,313.17,2.02,26.67,0.74,2.9,11.55,1.91,0.56,24.85
2019-07-15,8.29,61.29,30.65,751.26,310.88,1.87,27.3,0.86,3.56,11.83,1.68,0.61,26.4
2019-07-16,11.0,61.28,30.64,750.08,330.0,2.25,28.68,1.09,3.84,12.41,1.5,0.65,28.44
2019-07-17,7.46,62.05,29.96,748.83,323.53,2.25,29.71,0.98,4.23,2.35,1.48,0.72,25.35
2019-07-18,2.48,62.47,29.2,748.05,326.77,3.13,20.12,0.79,3.52,1.92,1.52,0.55,26.46
2019-07-19,4.86,61.36,28.55,747.48,343.55,2.7,18.94,1.1,3.95,2.16,1.78,0.41,24.82
2019-07-20,6.1,56.77,28.57,748.92,341.45,2.22,19.84,0.88,2.95,1.73,1.78,0.35,28.27
2019-07-21,5.14,55.66,28.79,748.33,339.76,2.54,16.94,1.1,2.2,11.26,1.72,0.41,29.86
2019-07-22,5.21,55.12,28.9,747.68,340.31,2.25,21.56,0.9,3.35,1.9,1.83,0.59,29.08
2019-07-23,8.93,52.53,29.45,749.18,343.23,2.49,25.82,1.02,3.29,1.86,1.69,0.55,35.2
2019-07-24,12.74,53.15,29.97,749.93,341.94,2.41,31.48,0.74,4.14,2.32,1.71,0.71,30.82
2019-07-25,16.61,55.14,29.49,752.52,343.89,2.5,38.23,0.65,3.91,2.09,1.76,0.77,25.32
2019-07-26,12.63,54.11,29.95,751.99,347.43,1.91,34.99,1.02,4.91,2.72,1.74,0.88,24.1
2019-07-27,17.58,54.99,29.31,751.08,348.75,1.96,43.84,0.95,5.02,7.82,1.74,0.96,25.21
2019-07-28,14.94,54.08,30.01,751.02,350.83,2.36,44.57,0.91,3.37,11.85,1.6,0.93,23.48
2019-07-29,13.49,54.97,29.82,751.25,353.02,2.45,38.9,0.74,3.94,7.05,1.55,1.13,22.03
2019-07-30,8.28,54.2,30.34,752.47,352.08,2.21,35.84,1.01,3.72,2.09,1.53,1.89,19.95
2019-07-31,11.1,53.52,30.65,753.28,351.61,2.34,31.21,0.84,2.94,6.83,1.53,2.49,20.34
2019-08-01,12.94,53.6,30.65,753.43,352.45,2.48,33.89,0.98,3.56,1.99,1.49,0.67,23.26
2019-08-02,8.38,53.24,30.81,753.28,347.98,2.18,48.96,0.93,3.98,2.27,1.22,0.79,22.04
2019-08-03,12.32,54.39,30.54,753.11,339.05,1.76,42.75,0.97,3.82,11.32,1.54,0.82,19.21
2019-08-04,11.57,54.62,30.57,752.66,308.59,2.09,39.26,0.86,2.63,1.63,1.51,0.62,18.99
2019-08-05,13.96,53.35,30.97,751.65,285.9,2.59,47.4,0.94,2.94,1.63,1.36,0.68,21.48
2019-08-06,5.6,52.65,31.21,751.03,282.84,2.87,34.83,1.01,2.87,6.72,1.57,0.67,20.75
2019-08-07,8.16,54.93,29.6,749.98,306.59,2.66,26.75,0.78,3.27,1.96,1.52,0.69,22.06
2019-08-08,6.11,72.43,29.66,750.41,306.73,2.59,29.9,1.31,3.84,2.04,1.83,0.68,21.81
2019-08-09,8.22,72.0,28.62,751.7,309.01,1.61,24.11,0.89,4.07,7.39,1.79,0.71,23.84
2019-08-10,2.16,79.82,28.1,751.53,334.6,2.25,15.68,1.1,3.24,1.94,1.9,0.5,32.06
2019-08-11,3.06,80.91,28.06,750.78,344.85,2.55,14.83,0.92,2.44,1.32,2.01,0.39,30.64
2019-08-12,4.81,81.8,28.16,750.91,342.45,2.28,17.77,0.9,2.28,1.51,2.14,0.45,31.69
2019-08-13,4.03,83.68,28.01,750.96,328.09,2.13,22.01,1.07,3.87,2.13,1.83,0.59,30.64
2019-08-14,6.88,81.6,28.37,753.46,337.9,2.61,24.91,0.91,4.13,2.23,1.65,0.65,31.51
2019-08-15,14.04,77.15,29.46,752.93,335.32,2.22,33.91,0.94,3.6,2.25,1.81,0.59,34.19
2019-08-16,9.37,77.78,29.36,751.94,344.59,2.22,27.99,0.91,3.4,1.91,1.79,0.65,28.29
2019-08-17,19.0,79.86,28.82,750.45,343.92,2.1,42.59,0.97,5.08,2.78,1.56,0.81,24.27
2019-08-18,10.04,81.35,28.99,751.23,342.81,1.8,41.21,0.86,3.72,2.14,1.63,0.71,26.57
2019-08-19,13.76,78.55,29.5,752.61,336.54,2.05,40.69,0.98,5.04,2.81,1.5,0.75,27.52
2019-08-20,11.61,79.58,29.67,752.78,348.38,2.16,39.02,0.85,4.07,2.3,1.54,0.71,21.72
2019-08-21,12.67,79.69,29.3,752.26,350.56,2.31,30.17,0.73,3.65,2.15,1.44,0.67,19.67
2019-08-22,8.05,81.99,28.47,752.7,345.49,1.62,22.62,1.08,3.95,2.09,1.44,0.7,23.02
2019-08-23,7.85,78.35,28.84,753.77,349.68,1.99,23.86,0.84,3.07,6.68,1.67,0.63,26.12
2019-08-24,8.98,75.92,29.21,753.3,349.21,1.76,29.89,1.17,3.65,2.08,1.64,0.64,30.96
2019-08-25,3.58,77.56,29.07,752.0,348.22,1.76,22.04,0.93,3.17,1.84,1.69,0.59,30.59
2019-08-26,1.21,82.06,28.5,753.27,334.86,1.76,17.58,1.22,3.32,1.94,1.52,0.7,26.91
2019-08-27,1.99,79.68,28.78,752.11,339.61,1.95,21.41,0.93,4.13,2.12,1.43,0.71,30.24
2019-08-28,16.2,79.41,29.39,752.02,351.18,2.05,23.63,0.92,3.77,2.15,1.3,0.71,27.37
2019-08-29,12.29,81.66,28.93,752.2,348.96,2.35,28.85,0.94,3.46,1.99,1.34,0.65,27.11
2019-08-30,12.7,80.82,29.02,749.97,351.34,2.21,32.56,0.89,4.17,2.2,1.46,0.72,26.54
2019-08-31,14.06,81.1,29.64,750.06,346.45,2.32,38.68,0.91,3.89,11.88,1.33,0.67,19.47
2019-09-01,10.03,81.29,29.39,751.33,339.92,1.93,28.07,0.88,2.92,1.75,1.26,0.67,18.62
2019-09-02,7.83,82.44,29.16,752.82,316.95,2.03,26.82,1.13,3.48,1.92,1.26,0.82,15.9
2019-09-03,7.88,83.01,29.4,752.18,299.17,1.78,28.41,1.0,3.32,1.92,1.23,0.83,15.35
2019-09-04,12.07,82.7,28.87,751.61,297.6,2.18,23.5,0.96,3.74,2.08,1.01,0.77,16.1
2019-09-05,6.63,83.14,29.25,751.4,304.12,2.4,21.34,1.22,3.4,2.01,1.2,0.8,12.59
2019-09-06,6.71,82.45,29.52,749.76,308.05,2.55,22.11,0.93,3.44,1.95,1.07,0.79,13.01
2019-09-07,7.43,78.83,30.05,753.68,327.28,2.47,29.04,0.92,4.15,7.59,1.04,0.82,16.23
2019-09-08,7.47,75.76,30.47,754.12,345.66,2.73,28.68,0.76,3.01,1.8,1.18,0.76,17.68
2019-09-09,13.99,75.06,30.34,752.56,350.95,2.99,30.43,0.77,2.65,1.6,1.27,0.78,16.42
2019-09-10,11.61,75.17,30.18,751.82,351.75,2.6,27.3,0.77,2.69,1.57,1.39,0.7,24.35
2019-09-11,12.25,82.23,28.77,752.43,353.25,1.59,28.25,0.55,1.37,1.17,1.4,0.66,20.3
2019-09-12,13.12,75.6,30.56,754.56,349.94,2.36,31.54,0.55,3.68,2.35,1.34,0.9,22.07
2019-09-13,17.76,80.01,29.59,754.98,351.7,1.55,33.69,0.63,3.3,1.93,1.3,0.74,23.8
2019-09-14,14.07,80.58,29.65,754.27,349.25,1.75,30.31,0.72,3.21,1.89,1.29,0.78,20.74
2019-09-15,12.54,80.76,29.51,753.73,349.82,1.74,29.17,0.81,3.28,1.89,1.21,0.8,19.34
2019-09-16,18.37,80.76,29.16,752.12,346.16,1.79,33.24,1.07,3.68,2.06,1.16,0.86,23.17
2019-09-17,18.73,79.1,29.69,750.45,347.14,1.89,35.07,0.81,4.0,2.23,1.26,0.95,18.55
2019-09-18,9.65,81.75,29.02,751.44,320.22,1.56,21.91,1.1,3.63,1.99,1.24,0.85,20.12
2019-09-19,7.95,79.72,29.79,752.08,291.6,1.78,21.73,0.96,3.6,2.05,1.26,0.93,19.52
2019-09-20,16.85,77.76,30.32,751.66,321.93,1.99,34.77,0.98,3.44,2.03,1.4,0.88,20.29
2019-09-21,12.57,76.75,30.58,750.25,329.85,2.05,36.01,0.88,2.98,1.79,1.44,0.81,23.4
2019-09-22,10.31,77.16,30.46,750.47,319.83,1.97,33.79,0.78,3.12,1.81,1.43,0.84,20.76
2019-09-23,5.07,80.31,29.69,751.26,310.01,1.9,20.86,0.96,3.04,1.77,1.36,1.01,20.06
2019-09-24,1.77,83.28,28.93,751.19,239.42,1.32,22.24,1.48,3.3,1.98,1.16,1.12,20.97
2019-09-25,5.83,79.46,29.66,752.61,223.45,1.4,23.61,1.09,3.95,2.23,1.16,1.07,25.25
2019-09-26,10.75,82.71,28.68,756.64,192.48,1.32,28.25,1.08,4.54,2.56,1.18,1.26,25.92
2019-09-27,15.48,73.27,30.11,759.39,199.13,1.42,32.7,0.92,4.73,2.58,1.34,1.07,30.76
2019-09-28,18.5,78.49,29.73,757.02,272.89,1.56,33.14,0.96,3.61,2.07,1.51,1.02,36.8
2019-09-29,14.76,82.86,28.88,755.4,274.9,1.22,29.28,0.95,3.65,2.11,1.55,1.42,32.54
2019-09-30,8.83,83.4,28.55,754.95,293.42,1.33,20.47,1.33,3.67,2.11,1.62,2.96,29.17
2019-10-01,11.57,78.95,29.54,756.39,224.74,1.38,29.23,0.91,4.5,2.43,1.82,1.57,25.57
2019-10-02,15.06,77.24,30.29,753.99,244.49,1.63,29.72,0.78,3.57,2.1,1.83,0.87,37.88
2019-10-03,15.23,79.26,29.9,0.0,254.61,1.52,29.43,0.69,4.36,2.47,1.81,0.98,36.18
2019-10-04,13.93,77.56,30.14,0.0,281.76,1.58,31.07,0.86,4.21,2.36,1.86,0.9,32.18
2019-10-05,14.6,78.86,29.85,0.0,273.74,1.48,32.1,0.72,2.99,1.89,1.84,0.85,34.19
2019-10-06,12.97,78.26,29.67,0.0,262.7,1.36,28.27,0.82,3.2,1.92,1.73,0.75,36.0
2019-10-07,5.92,82.12,28.97,0.0,291.19,1.38,21.88,0.86,3.12,1.85,1.6,0.73,29.16
2019-10-08,6.69,78.57,29.73,0.0,246.32,1.98,20.51,0.65,3.46,1.95,1.85,0.7,37.29
2019-10-09,16.73,78.91,30.09,0.0,224.43,1.61,35.77,1.04,4.93,2.67,2.05,0.92,28.74
2019-10-10,16.6,77.5,29.84,0.0,271.18,1.26,32.25,1.0,4.13,2.35,2.01,0.82,40.97
2019-10-11,12.73,80.05,29.4,0.0,271.51,1.06,29.65,0.71,4.46,2.49,1.86,0.9,29.49
2019-10-12,6.55,81.65,29.08,0.0,208.03,1.06,28.42,0.83,4.32,7.51,1.57,0.97,14.19
2019-10-13,7.24,80.69,29.29,0.0,264.05,1.24,21.82,0.67,3.0,6.75,1.8,0.76,16.29
2019-10-14,11.89,80.5,29.82,0.0,241.27,1.51,28.16,0.9,4.48,2.5,3.28,0.95,14.67
2019-10-15,13.58,81.77,28.25,0.0,266.17,1.3,29.6,0.87,4.62,7.68,3.38,1.11,15.74
2019-10-16,15.94,81.91,27.88,0.0,207.62,1.15,33.37,1.04,4.44,2.48,2.62,1.06,22.43
2019-10-17,6.59,72.16,27.63,0.0,187.7,1.44,20.35,0.78,4.54,2.57,2.37,0.91,20.54
2019-10-18,28.12,56.27,27.1,0.0,270.89,1.16,23.33,0.77,3.84,2.23,1.89,0.95,18.58
2019-10-19,10.87,54.55,27.51,0.0,228.04,1.61,0.0,0.85,3.82,2.18,1.84,0.95,26.43
2019-10-20,0.0,55.65,26.88,748.14,236.44,1.29,15.68,0.85,3.39,2.03,1.78,0.8,28.24
2019-10-21,0.0,54.64,26.62,742.58,258.34,1.48,16.55,0.91,3.26,1.9,2.28,0.82,25.81
2019-10-22,16.02,50.62,28.03,747.2,264.09,1.45,22.93,0.83,3.51,2.07,2.07,0.81,29.62
2019-10-23,7.87,50.84,28.17,755.13,250.95,1.66,21.98,1.07,4.17,2.41,1.97,0.91,26.75
2019-10-24,23.79,52.78,26.92,756.11,182.54,0.91,33.42,0.55,3.66,2.23,1.8,1.18,26.58
2019-10-25,29.53,50.48,28.22,756.02,178.87,1.28,36.24,0.67,3.04,1.99,1.65,0.98,25.15
2019-10-26,28.39,51.52,27.92,755.1,297.53,1.23,39.79,0.52,2.33,1.6,1.69,0.83,24.19
2019-10-27,25.84,49.88,28.13,751.48,282.42,1.19,40.9,0.54,2.5,1.71,1.62,0.86,28.1
2019-10-28,13.79,51.91,27.19,745.09,295.88,0.87,37.06,0.52,3.26,2.08,1.47,1.15,25.94
2019-10-29,10.71,52.55,26.88,749.72,294.25,1.06,32.28,0.52,2.38,1.6,1.34,1.0,27.61
2019-10-30,1.46,53.67,26.08,746.51,223.63,2.09,10.4,0.53,2.5,1.63,1.3,0.75,32.41
2019-10-31,4.99,53.4,25.42,753.83,266.05,1.55,12.94,0.61,3.07,2.03,1.3,0.83,38.76
2019-11-01,14.46,49.26,27.57,751.94,261.11,1.29,30.18,0.61,3.96,2.45,1.46,1.04,27.25
2019-11-02,19.53,49.23,28.3,753.15,272.01,1.45,38.48,0.57,3.91,2.49,1.56,1.04,30.16
2019-11-03,18.12,50.28,27.86,754.67,268.36,1.33,30.2,0.89,2.48,1.82,1.42,0.94,34.83
2019-11-04,17.47,49.39,28.42,754.19,277.68,1.6,27.62,0.93,3.02,2.17,1.59,0.93,36.63
2019-11-05,25.4,49.12,28.69,753.99,241.46,1.54,50.99,1.0,3.85,2.52,1.79,1.09,37.62
2019-11-06,19.45,48.51,28.62,752.06,288.02,1.63,50.24,0.92,3.97,2.57,1.97,1.11,41.66
2019-11-07,18.15,48.36,29.0,751.12,284.78,1.83,46.17,0.93,3.12,2.16,2.11,0.95,40.57
2019-11-08,16.06,48.93,28.76,748.19,280.58,1.62,45.26,0.96,3.43,2.24,2.61,1.08,33.1
2019-11-09,7.86,49.2,28.1,741.44,297.0,1.49,31.32,0.88,2.56,1.86,2.48,1.02,34.57
2019-11-10,5.69,49.46,28.0,750.58,298.23,1.48,30.4,0.94,2.15,1.68,2.38,1.02,32.5
2019-11-11,12.07,49.0,28.32,730.68,267.62,1.44,39.43,0.94,3.28,2.15,3.21,1.12,39.06
2019-11-12,14.66,49.03,28.58,0.0,249.07,1.33,51.01,0.92,4.53,2.91,4.74,1.27,34.51
2019-11-13,36.38,49.28,28.7,0.0,208.69,1.18,70.1,0.96,5.98,3.61,4.26,2.02,34.46
2019-11-14,25.52,49.15,28.64,0.0,256.37,1.21,54.91,1.1,5.66,3.24,3.43,3.47,28.7
2019-11-15,19.88,50.71,29.01,0.0,257.1,1.52,49.09,0.94,4.13,2.82,3.37,2.26,33.95
2019-11-16,20.32,59.41,28.04,0.0,253.12,1.08,34.73,0.58,3.59,2.21,2.78,3.89,24.49
2019-11-17,14.52,67.82,28.22,0.0,272.69,1.39,28.43,0.87,2.56,1.85,2.82,0.82,27.76
2019-11-18,30.27,68.95,28.72,0.0,216.49,1.21,51.76,0.52,4.42,2.52,2.69,1.06,31.97
2019-11-19,26.15,69.17,28.34,0.0,246.84,0.81,47.45,5.13,15.59,11.58,5.54,1.11,24.33
2019-11-20,20.44,69.24,28.51,0.0,255.51,1.15,42.33,9.95,16.68,16.96,12.85,0.98,28.83
2019-11-21,21.86,70.83,27.45,0.0,220.24,1.18,41.29,12.4,21.54,21.53,11.54,1.1,23.59
2019-11-22,11.64,69.6,27.85,0.0,262.45,1.02,34.91,10.13,21.53,19.54,11.75,1.12,27.64
2019-11-23,21.02,69.35,28.03,0.0,221.47,0.67,57.2,16.1,23.59,24.31,11.46,1.57,17.37
2019-11-24,14.28,68.51,28.51,0.0,187.91,1.28,44.47,8.03,17.83,15.88,11.11,1.11,32.89
2019-11-25,19.92,70.2,28.53,735.83,252.54,1.1,45.63,10.12,20.49,19.12,10.13,1.24,29.59
2019-11-26,23.41,68.19,29.41,744.85,240.05,1.22,47.77,12.92,26.41,24.55,11.16,1.34,33.06
2019-11-27,41.22,68.66,29.39,742.52,242.66,1.33,66.36,11.3,23.88,21.88,11.61,1.27,32.4
2019-11-28,20.3,67.61,29.43,712.67,236.98,1.11,37.99,12.95,21.48,21.94,10.3,1.2,29.51
2019-11-29,22.33,70.05,29.14,730.0,231.23,0.9,49.28,10.04,21.07,19.37,10.24,1.28,28.22
2019-11-30,5.68,76.2,27.09,718.23,175.34,0.78,25.9,11.14,21.45,20.47,7.87,1.11,22.57
2019-12-01,2.14,72.02,27.92,701.32,163.12,1.42,13.01,7.34,8.81,10.55,8.13,0.78,24.35
2019-12-02,10.44,70.89,28.41,700.0,211.09,1.26,32.94,10.67,17.61,18.05,8.7,1.14,27.74
2019-12-03,28.4,73.27,27.79,700.0,237.72,0.76,56.42,17.89,24.57,27.62,7.47,1.68,21.7
2019-12-04,27.62,67.4,28.93,700.0,222.76,1.01,51.54,16.68,23.03,25.74,8.46,1.42,26.74
2019-12-05,36.68,70.37,27.64,700.0,274.73,0.84,58.26,12.71,17.98,19.75,9.33,1.2,32.79
2019-12-06,32.21,62.26,28.76,700.08,273.07,1.73,58.33,8.73,17.71,16.51,10.17,1.14,58.22
2019-12-07,14.53,70.02,27.96,700.17,188.6,1.12,60.33,8.2,21.07,17.83,10.51,1.35,39.27
2019-12-08,13.37,66.93,28.87,700.0,194.76,1.36,39.5,8.07,13.79,13.86,9.97,1.13,41.95
2019-12-09,14.1,65.7,28.83,700.0,214.06,1.36,49.01,10.78,25.8,22.45,9.75,1.36,42.05
2019-12-10,29.02,66.02,28.87,722.4,214.19,1.32,58.23,10.03,23.97,20.87,11.28,1.34,45.22
2019-12-11,32.31,71.05,28.36,731.6,157.06,1.18,57.05,10.42,24.05,21.22,11.69,1.37,40.75
2019-12-12,27.28,70.94,28.35,729.06,186.98,1.06,49.67,9.77,23.79,20.56,11.68,1.41,42.11
2019-12-13,38.43,70.71,28.46,719.12,215.9,1.27,60.22,8.91,20.99,18.38,11.77,1.43,41.67
2019-12-14,18.12,73.4,27.44,744.13,267.5,1.08,42.04,8.82,14.31,14.74,9.54,1.31,32.28
2019-12-15,18.44,69.19,28.16,728.08,193.16,1.22,49.23,12.24,21.23,21.21,10.09,1.47,31.63
2019-12-16,33.5,68.76,28.23,731.29,194.11,1.13,62.95,12.43,26.84,24.33,10.4,1.58,40.89
2019-12-17,28.33,66.95,28.44,701.43,283.19,1.17,49.27,6.92,11.11,11.49,11.96,1.15,44.1
2019-12-18,33.53,63.56,28.71,700.0,219.25,1.21,65.36,8.73,31.43,23.81,12.06,1.52,47.06
2019-12-19,17.04,65.2,29.17,727.57,206.74,1.27,45.83,11.13,22.35,20.89,12.23,1.38,38.57
2019-12-20,28.46,72.45,26.76,750.02,245.98,0.76,56.83,10.61,23.61,21.14,12.45,1.55,30.12
2019-12-21,26.54,70.76,27.61,752.04,224.45,1.07,54.62,15.22,24.55,25.39,11.61,1.61,39.32
2019-12-22,39.4,67.25,28.73,751.76,239.78,1.11,64.53,9.06,21.72,18.87,11.99,1.53,46.22
2019-12-23,44.12,69.86,28.51,749.64,198.39,1.12,68.45,9.81,23.31,20.34,12.13,1.65,43.28
2019-12-24,51.67,70.5,28.64,752.16,204.35,1.0,80.03,18.36,29.68,30.69,12.86,1.97,39.35
2019-12-25,34.39,70.27,28.86,738.29,211.15,1.4,57.12,8.77,16.29,15.76,13.01,1.54,47.73
2019-12-26,11.74,69.57,28.81,722.93,235.49,1.54,38.4,8.82,16.37,15.86,11.93,1.62,47.32
2019-12-27,16.1,68.64,28.73,734.79,215.15,1.35,50.64,32.02,25.06,39.29,10.87,1.86,28.75
2019-12-28,35.61,68.64,28.0,740.6,223.78,1.31,64.0,17.17,30.43,29.13,13.96,1.7,38.0
2019-12-29,48.02,69.01,28.13,732.42,198.25,1.16,75.64,10.12,27.06,22.57,9.98,2.25,44.0
2019-12-30,42.82,70.36,28.34,711.5,185.42,1.36,73.09,10.67,26.9,22.93,9.5,1.88,43.61
2019-12-31,37.45,69.65,28.32,707.5,265.65,1.29,66.32,11.39,19.9,19.79,10.02,1.32,45.56
